Which Amazon Elastic Compute Cloud (Amazon EC2) Auto Scaling feature can help with fault tolerance?@Replacing unhealthy Amazon EC2 instances<br><br>(Incorrect Answer) Distributing load to Amazon EC2 instances<br>(Incorrect Answer) Having the right amount of computing capacity<br>(Incorrect Answer) Lower cost by adjusting the number of Amazon EC2 instances<br><br><b>Explicación general:</b><br>Correct option: Replacing unhealthy Amazon EC2 instances Amazon EC2 Auto Scaling helps you maintain application availability and allows you to automatically add or remove Amazon EC2 instances according to the conditions you define. You can use the fleet management features of Amazon EC2 Auto Scaling to maintain the health and availability of your fleet. You can also use the dynamic and predictive scaling features of Amazon EC2 Auto Scaling to add or remove EC2 instances. Amazon EC2 Auto Scaling can detect when an instance is unhealthy, terminate it, and replace it with a new one. Incorrect options: Lower cost by adjusting the number of Amazon EC2 instances - Amazon EC2 Auto Scaling adds instances only when needed, and can scale across purchase options to optimize performance and cost. However, this will not help with fault tolerance. Distributing load to Amazon EC2 instances - Even though this helps with fault tolerance and is often used with Amazon EC2 Auto Scaling, it is a feature of Elastic Load Balancing (ELB) and not an Amazon EC2 Auto Scaling. Elastic Load Balancing automatically distributes incoming application traffic across multiple targets, such as Amazon EC2 instances, containers, IP addresses, and Lambda functions. It can handle the varying load of your application traffic in a single Availability Zone (AZ) or across multiple Availability Zones (AZs). Having the right amount of computing capacity - Amazon EC2 Auto Scaling ensures that your application always has the right amount of computing capacity, so your application can handle the workload. Reference: https://aws.amazon.com/ec2/autoscaling/ Temática Cloud Concepts <div
Which AWS tool/service will help you define your cloud infrastructure using popular programming languages such as Python and JavaScript?@AWS Cloud Development Kit (AWS CDK)<br><br>(Incorrect Answer) AWS CodeBuild<br>(Incorrect Answer) AWS Elastic Beanstalk<br>(Incorrect Answer) AWS CloudFormation<br><br><b>Explicación general:</b><br>Correct option: AWS Cloud Development Kit (AWS CDK) The AWS Cloud Development Kit (AWS CDK) is an open-source software development framework to define your cloud application resources using familiar programming languages. AWS Cloud Development Kit (AWS CDK) uses the familiarity and expressive power of programming languages for modeling your applications. It provides you with high-level components called constructs that preconfigure cloud resources with proven defaults, so you can build cloud applications without needing to be an expert. AWS CDK provisions your resources in a safe, repeatable manner through AWS CloudFormation. It also enables you to compose and share your own custom constructs that incorporate your organization's requirements, helping you start new projects faster. In short, you use the AWS CDK framework to author AWS CDK projects which are executed to generate AWS CloudFormation templates. How Cloud Development Kit (AWS CDK) works: via - https://aws.amazon.com/cdk/ Incorrect options: AWS Elastic Beanstalk - AWS Elastic Beanstalk is an easy-to-use service for deploying and scaling web applications and services developed with Java, .NET, PHP, Node.js, Python, etc. You can simply upload your code in a programming language of your choice and AWS Elastic Beanstalk automatically handles the deployment, from capacity provisioning, load balancing, and auto scaling to application health monitoring. AWS CloudFormation - AWS CloudFormation is a service that gives developers and businesses an easy way to create a collection of related AWS and third-party resources, and provision and manage them in an orderly and predictable fashion. AWS CloudFormation is designed to allow resource lifecycles to be managed repeatably, predictably, and safely while allowing for automatic rollbacks, automated state management, and management of resources across accounts and regions. AWS Cloud Development Kit (AWS CDK) helps code the same in higher-level languages and converts them into AWS CloudFormation templates. AWS CodeBuild - AWS CodeBuild is a fully managed continuous integration service that compiles source code, runs tests, and produces software packages that are ready to deploy. With AWS CodeBuild, you don’t need to provision, manage, and scale your own build servers. AWS CodeBuild scales continuously and processes multiple builds concurrently, so your builds are not left waiting in a queue. Reference: https://aws.amazon.com/cdk/ Temática Technology <div
An enterprise is planning to move one of its older applications from its local data center to AWS. The IT team wants the fastest migration path and has decided not to update the application code or make any architectural changes. Which migration strategy is the most appropriate for this scenario?@Rehost<br><br>(Incorrect Answer) Refactor<br>(Incorrect Answer) Replatform<br>(Incorrect Answer) Repurchase<br><br><b>Explicación general:</b><br>Correct option: Rehost via - https://docs.aws.amazon.com/prescriptive-guidance/latest/large-migration-guide/migration-strategies.html Summary of migration strategies: Rehosting, commonly referred to as “lift and shift,” involves moving applications to the cloud as-is, without making any changes to the application code or architecture. This is typically the fastest and least disruptive migration path, especially suitable for legacy workloads that are stable but not cloud-optimized. Incorrect options: Repurchase - Repurchasing, also known as “drop and shop,” involves abandoning the existing application and switching to a new cloud-based solution, often a SaaS product. For example, moving from an on-premises CRM to Salesforce. This strategy often requires adapting business processes to fit the new system. Since the scenario specifies no changes to the application, this strategy is not applicable. Replatform - Replatforming, or "lift, tinker, and shift," involves moving the application to the cloud with minor modifications to optimize for cloud performance (e.g., migrating from a self-hosted MySQL database to Amazon RDS). While it preserves most of the architecture, some changes are still made. Since the question specifies that no changes are to be made, replatforming is not the best fit. Refactor - Refactoring (also called re-architecting) involves modifying or re-writing parts of the application to take advantage of cloud-native features like serverless architecture, microservices, or containers. This option requires the most effort and time. Since the company in the scenario wants no changes, refactoring is not suitable. Reference: https://docs.aws.amazon.com/prescriptive-guidance/latest/large-migration-guide/migration-strategies.html Temática Cloud Concepts <div
A brand-new startup would like to remove its need to manage the underlying infrastructure and focus on the deployment and management of its applications. Which type of cloud computing does this refer to?@Platform as a Service (PaaS)<br><br>(Incorrect Answer) Infrastructure as a Service (IaaS)<br>(Incorrect Answer) On-premises<br>(Incorrect Answer) Software as a Service (SaaS)<br><br><b>Explicación general:</b><br>Correct option: Platform as a Service (PaaS) Cloud Computing can be broadly divided into three types - Infrastructure as a Service (IaaS), Platform as a Service (PaaS), Software as a Service (SaaS). Platform as a Service (PaaS) removes the need to manage underlying infrastructure (usually hardware and operating systems) and allows you to focus on the deployment and management of your applications. You don’t need to worry about resource procurement, capacity planning, software maintenance, patching, or any of the other undifferentiated heavy lifting involved in running your application. Please review this overview of the types of cloud computing: via - https://aws.amazon.com/types-of-cloud-computing/ Incorrect options: Infrastructure as a Service (IaaS) - Infrastructure as a Service (IaaS) contains the basic building blocks for cloud IT. It typically provides access to networking features, computers (virtual or on dedicated hardware), and data storage space. Infrastructure as a Service (IaaS) gives the highest level of flexibility and management control over IT resources. Software as a Service (SaaS) - Software as a Service (SaaS) provides you with a complete product that is run and managed by the service provider. With a Software as a Service (SaaS) offering, you don’t have to think about how the service is maintained or how the underlying infrastructure is managed. You only need to think about how you will use that particular software. Amazon Rekognition is an example of a SaaS service. On-premises - When an enterprise opts for on-premises, it needs to create, upgrade, and scale the on-premise IT infrastructure by investing in sophisticated hardware, compatible software, and robust services. Also, the business needs to deploy dedicated IT staff to upkeep, scale, and manage the on-premise infrastructure continuously. Reference: https://aws.amazon.com/types-of-cloud-computing/ Temática Cloud Concepts <div
A Cloud Practitioner would like to deploy identical resources across all AWS regions and accounts using templates while estimating costs. Which AWS service can assist with this task?@AWS CloudFormation<br><br>(Incorrect Answer) Amazon LightSail<br>(Incorrect Answer) AWS Directory Service for Microsoft Active Directory (AWS Managed Microsoft AD)<br>(Incorrect Answer) AWS CodeDeploy<br><br><b>Explicación general:</b><br>Correct option: AWS CloudFormation AWS CloudFormation gives developers and systems administrators an easy way to create and manage a collection of related AWS resources, provisioning and updating them in an orderly and predictable fashion. You can use the AWS CloudFormation sample templates or create your own templates to describe your AWS resources, and any associated dependencies or runtime parameters, required to run your application. This provides a single source of truth for all your resources and helps you to standardize infrastructure components used across your organization, enabling configuration compliance and faster troubleshooting. AWS CloudFormation templates allow you to estimate the cost of your resources. How AWS CloudFormation works: via - https://aws.amazon.com/cloudformation/ Incorrect options: AWS Directory Service for Microsoft Active Directory (AWS Managed Microsoft AD) - AWS Directory Service for Microsoft Active Directory (AWS Managed Microsoft AD), also known as AWS Managed Microsoft AD, enables your directory-aware workloads and AWS resources to use managed Active Directory in the AWS Cloud. It is not used to deploy resources. Amazon LightSail - Amazon Lightsail is designed to be the easiest way to launch and manage a virtual private server with AWS. It is not best suited when deploying more complex resources, while AWS CloudFormation can. AWS CodeDeploy - AWS CodeDeploy is a service that automates code deployments to any instance, including Amazon EC2 instances and instances running on-premises. Unlike AWS CloudFormation, it does not deal with infrastructure configuration and orchestration. Reference: https://aws.amazon.com/cloudformation/ Temática Technology <div
A company would like to optimize Amazon Elastic Compute Cloud (Amazon EC2) costs. Which of the following actions can help with this task? (Select TWO)@Set up Auto Scaling groups to align the number of instances with the demand<br>Purchase Amazon EC2 Reserved instances (RIs)<br><br>(Incorrect Answer) Opt for a higher AWS Support plan<br>(Incorrect Answer) Vertically scale the EC2 instances<br>(Incorrect Answer) Build its own servers<br><br><b>Explicación general:</b><br>Correct options: Set up Auto Scaling groups to align the number of instances with the demand Purchase Amazon EC2 Reserved instances (RIs) An Auto Scaling group contains a collection of Amazon EC2 instances that are treated as a logical grouping for automatic scaling and management. You can adjust its size to meet demand, either manually or by using automatic scaling. AWS Auto Scaling can help you optimize your utilization and cost efficiencies when consuming AWS services so you only pay for the resources you need. How AWS Auto Scaling works: via - https://aws.amazon.com/autoscaling/ Amazon EC2 Reserved Instances (RI) provide a significant discount (up to 72%) compared to On-Demand pricing and provide a capacity reservation when used in a specific Availability Zone (AZ). EC2 Pricing Options Overview: via - https://aws.amazon.com/ec2/pricing/ Incorrect options: Vertically scale the EC2 instances - Vertically scaling EC2 instances (increasing one computer performance by adding CPUs, memory, and storage) is limited and is way more expensive than scaling horizontally (adding more computers to the system). Opt for a higher AWS Support plan - The AWS Support plans do not help with EC2 costs. Build its own servers - Building your own servers is more expensive than using EC2 instances in the cloud. You're more likely to spend more money than saving money. References: https://docs.aws.amazon.com/autoscaling/ec2/userguide/AutoScalingGroup.html https://aws.amazon.com/ec2/pricing/reserved-instances/ https://wa.aws.amazon.com/wat.concept.horizontal-scaling.en.html https://aws.amazon.com/autoscaling/ Temática Billing and Pricing <div
Which AWS serverless service allows you to prepare data for analytics?@AWS Glue<br><br>(Incorrect Answer) Amazon Athena<br>(Incorrect Answer) Amazon EMR<br>(Incorrect Answer) Amazon Redshift<br><br><b>Explicación general:</b><br>Correct option: AWS Glue AWS Glue is a fully managed extract, transform, and load (ETL) service that makes it easy for customers to prepare and load their data for analytics. AWS Glue job is meant to be used for batch ETL data processing. How AWS Glue works: via - https://aws.amazon.com/glue/ Incorrect options: Amazon Athena - Amazon Athena is an interactive query service that makes it easy to analyze data in Amazon Simple Storage Service (Amazon S3) using standard SQL. Athena is serverless, so there is no infrastructure to manage, and you pay only for the queries that you run. Amazon Athena is used for analytics and not to prepare data for analytics. Amazon Redshift - Amazon Redshift is a fast and scalable data warehouse that makes it simple and cost-effective to analyze all your data across your data warehouse and data lake. Redshift is used for analytics and not to prepare data for analytics. Amazon EMR - Amazon EMR provides a managed Hadoop framework that makes it easy, fast, and cost-effective to process vast amounts of data across dynamically scalable Amazon EC2 instances. EMR is used for analytics and not to prepare data for analytics. Reference: https://aws.amazon.com/glue/ Temática Technology <div
Which of the following statements is an AWS best practice when architecting for the Cloud?@Automation<br><br>(Incorrect Answer) Close coupling<br>(Incorrect Answer) Servers, not services<br>(Incorrect Answer) Security comes last<br><br><b>Explicación general:</b><br>Correct option: Automation Automation should be implemented to improve both your system's stability and the efficiency of your organization. There are many services to automate application architecture (AWS Elastic Beanstalk, Auto Scaling, AWS Lambda, etc.) to ensure more resiliency, scalability, and performance. Incorrect options: Servers, not services - The correct best practice is: "Services, not servers". AWS recommends developing, managing, and operating applications, especially at scale, using the broad set of compute, storage, database, analytics, applications, and deployment services offered by AWS to move faster and lower IT costs. Close coupling - The correct best practice is: "Loose coupling". AWS recommends that, as application complexity increases, IT systems should be designed in a way that reduces interdependencies. Therefore, a change or a failure in one component should not cascade to other components. Security comes last - AWS allows you to improve your security in many, more simple ways. Therefore, you should take advantage of this and implement a high level of security. Reference: https://aws.amazon.com/architecture/well-architected/ Temática Cloud Concepts <div
Which of the following are the advantages of using the AWS Cloud? (Select TWO)@Increase speed and agility<br>Stop guessing about capacity<br><br>(Incorrect Answer) Limited scaling<br>(Incorrect Answer) AWS is responsible for security in the cloud<br>(Incorrect Answer) Trade operational expense for capital expense<br><br><b>Explicación general:</b><br>Correct options: Increase speed and agility Stop guessing about capacity Exam Alert: Please check out the following six advantages of Cloud Computing. You would certainly be asked questions on the advantages of Cloud Computing compared to a traditional on-premises setup: via - https://docs.aws.amazon.com/whitepapers/latest/aws-overview/six-advantages-of-cloud-computing.html Incorrect options: Limited scaling - Scaling is not limited in the cloud. You can access as much or as little capacity as you need, and scale up and down as required with only a few minutes’ notice. AWS is responsible for security in the cloud - AWS is responsible for the security OF the cloud, which means AWS is responsible for protecting the infrastructure that runs all the services offered in the AWS Cloud. Trade operational expense for capital expense - In the cloud, you trade capital expense (CAPEX) for the operational expense (OPEX). Instead of having to invest heavily in data centers and servers before you know how you’re going to use them, you can pay only when you consume computing resources, and pay only for how much you consume. Reference: https://docs.aws.amazon.com/whitepapers/latest/aws-overview/six-advantages-of-cloud-computing.html Temática Cloud Concepts <div
A growing start-up has trouble identifying and protecting sensitive data at scale. Which AWS fully managed service can assist with this task?@Amazon Macie<br><br>(Incorrect Answer) AWS Secrets Manager<br>(Incorrect Answer) AWS Artifact<br>(Incorrect Answer) AWS Key Management Service (AWS KMS)<br><br><b>Explicación general:</b><br>Correct option: Amazon Macie Amazon Macie is a fully managed data security and data privacy service that uses Machine Learning and pattern matching to discover and protect your sensitive data in AWS. Amazon Macie uses Machine Learning and pattern matching to cost-efficiently discover sensitive data at scale. Amazon Macie automatically detects a large and growing list of sensitive data types, including personally identifiable information (PII) such as names, addresses, and credit card numbers. It also gives you constant visibility of the data security and data privacy of your data stored in Amazon S3. How Amazon Macie works: via - https://aws.amazon.com/macie/ Incorrect options: AWS Artifact - AWS Artifact is your go-to, central resource for compliance-related information that matters to you. It provides on-demand access to AWS’ security and compliance reports and selects online agreements. It is not used to discover and protect sensitive data in AWS. AWS Secrets Manager - AWS Secrets Manager helps you protect secrets needed to access your applications, services, and IT resources. The service enables you to easily rotate, manage, and retrieve database credentials, API keys, and other secrets throughout their lifecycle. It is not used to discover and protect sensitive data in AWS. AWS Key Management Service (AWS KMS) - AWS Key Management Service (AWS KMS) makes it easy for you to create and manage keys and control the use of encryption across a wide range of AWS services and in your applications. It is not used to discover and protect sensitive data in AWS. Reference: https://aws.amazon.com/macie/ Temática Security and Compliance <div
Which of the following services are provided by Amazon Route 53? (Select Two)@Health checks and monitoring<br>Domain registration<br><br>(Incorrect Answer) IP routing<br>(Incorrect Answer) Load balancing<br>(Incorrect Answer) Transfer acceleration<br><br><b>Explicación general:</b><br>Correct options: Domain registration Health checks and monitoring Amazon Route 53 is a highly available and scalable cloud Domain Name System (DNS) web service. It is designed to give developers and businesses an extremely reliable and cost-effective way to route end users to Internet applications by translating names like www.example.com into the numeric IP addresses like 192.0.2.1 that computers use to connect to each other. Amazon Route 53 offers domain name registration services, where you can search for and register available domain names or transfer in existing domain names to be managed by Route 53. Amazon Route 53 can monitor the health and performance of your application as well as your web servers and other resources. Incorrect options: IP routing - Despite its name, Amazon Route 53 does not offer IP routing. However, it can route traffic based on multiple criteria, such as endpoint health, geographic location, and latency, using routing policies. Load balancing - It is a feature of Elastic Load Balancing (ELB) and not Amazon Route 53. Elastic Load Balancing (ELB) automatically distributes incoming application traffic across multiple targets, such as Amazon EC2 instances, containers, IP addresses, and Lambda functions. It can handle the varying load of your application traffic in a single Availability Zone (AZ) or across multiple Availability Zones (AZs). Transfer acceleration - Transfer acceleration is a feature of Amazon's simple storage service (Amazon S3). Amazon S3 Transfer Acceleration (Amazon S3TA) can speed up content transfers to and from Amazon S3 by as much as 50-500% for long-distance transfer of larger objects. Reference: https://aws.amazon.com/route53/ Temática Technology <div
A company is planning to implement Chaos Engineering to expose any blind spots that can disrupt the resiliency of the application. Which AWS service will help implement this requirement with the least effort?@AWS Fault Injection Simulator (AWS FIS)<br><br>(Incorrect Answer) Amazon GuardDuty<br>(Incorrect Answer) AWS Trusted Advisor<br>(Incorrect Answer) Amazon Inspector<br><br><b>Explicación general:</b><br>Correct option: AWS Fault Injection Simulator (AWS FIS) AWS Fault Injection Simulator (AWS FIS) is a fully managed service for running fault injection experiments on AWS that makes it easier to improve an application’s performance, observability, and resiliency. Fault injection experiments are used in chaos engineering, which is the practice of stressing an application in testing or production environments by creating disruptive events, such as a sudden increase in CPU or memory consumption, observing how the system responds, and implementing improvements. Fault injection experiment helps teams create the real-world conditions needed to uncover the hidden bugs, and monitor blind spots, and performance bottlenecks that are difficult to find in distributed systems. AWS Fault Injection Simulator (AWS FIS) simplifies the process of setting up and running controlled fault injection experiments across a range of AWS services so teams can build confidence in their application behavior. With AWS Fault Injection Simulator (AWS FIS), teams can quickly set up experiments using pre-built templates that generate the desired disruptions. AWS Fault Injection Simulator (AWS FIS) provides the controls and guardrails that teams need to run experiments in production, such as automatically rolling back or stopping the experiment if specific conditions are met. With a few clicks in the console, teams can run complex scenarios with common distributed system failures happening in parallel or building sequentially over time, enabling them to create the real-world conditions necessary to find hidden weaknesses. Incorrect options: Amazon Inspector - Amazon Inspector is an automated security assessment service that helps improve the security and compliance of applications deployed on AWS. Amazon Inspector automatically assesses applications for exposure, vulnerabilities, and deviations from best practices. After performing an assessment, Amazon Inspector produces a detailed list of security findings prioritized by level of severity. AWS Trusted Advisor - AWS Trusted Advisors provides recommendations that help you follow AWS best practices. AWS Trusted Advisor evaluates your account by using checks. These checks identify ways to optimize your AWS infrastructure, improve security and performance, reduce costs, and monitor service quotas. You can then follow the check recommendations to optimize your services and resources. Amazon GuardDuty - Amazon GuardDuty is a threat detection service that continuously monitors your AWS accounts and workloads for malicious activity and delivers detailed security findings for visibility and remediation. Reference: https://aws.amazon.com/fis/features/ Temática Technology <div
A company would like to separate cost for AWS services by the department for cost allocation. Which of the following is the simplest way to achieve this task?@Create tags for each department<br><br>(Incorrect Answer) Create different virtual private cloud (VPCs) for different departments<br>(Incorrect Answer) Create one account for all departments and share this account<br>(Incorrect Answer) Create different accounts for different departments<br><br><b>Explicación general:</b><br>Correct option: Create tags for each department You can assign metadata to your AWS resources in the form of tags. Each tag is a label consisting of a user-defined key and value. Tags can help you manage, identify, organize, search for, and filter resources. You can create tags to categorize resources by purpose, owner, environment, or other criteria. Typically, you use business tags such as cost center/business unit, customer, or project to associate AWS costs with traditional cost-allocation dimensions. But a cost allocation report can include any tag. This lets you associate costs with technical or security dimensions, such as specific applications, environments, or compliance programs. Example of tagging for cost optimization: via - https://docs.aws.amazon.com/general/latest/gr/aws_tagging.html Incorrect options: Create different accounts for different departments - Users can belong to several departments. Therefore, having different accounts for different departments would imply some users having several accounts. This is contrary to the security best practice: one physical user = one account. Also, it is much simpler to set up tags for tracking costs for each department. Create one account for all departments and share this account - Sharing accounts is not a security best practice, and is not recommended. Create different virtual private cloud (VPCs) for different departments - Creating different VPCs will not help with separating costs. Reference: https://docs.aws.amazon.com/general/latest/gr/aws_tagging.html Temática Billing and Pricing <div
A company would like to audit requests made to an Amazon Simple Storage Service (Amazon S3) bucket. As a Cloud Practitioner, which Amazon Simple Storage Service (Amazon S3) feature would you recommend addressing this use-case?@Amazon Simple Storage Service (Amazon S3) Access Logs<br><br>(Incorrect Answer) S3 cross-region replication (S3 CRR)<br>(Incorrect Answer) Amazon S3 Bucket Policies<br>(Incorrect Answer) S3 Versioning<br><br><b>Explicación general:</b><br>Correct option: Amazon Simple Storage Service (Amazon S3) Access Logs Server access logging provides detailed records for the requests that are made to an Amazon S3 bucket. Server access logs are useful for many applications. For example, access log information can be useful in security and access audits. It can also help you learn about your customer base and understand your Amazon S3 bill. Incorrect options: S3 cross-region replication (S3 CRR) - S3 cross-region replication (S3 CRR) enables automatic, asynchronous copying of objects across Amazon S3 buckets. Cross-Region replication (CRR) is used to copy objects across Amazon S3 buckets in different AWS Regions. It does not help with auditing requests made to your bucket. Amazon S3 Bucket Policies - Amazon S3 Bucket policy is a resource-based AWS Identity and Access Management (IAM) policy. You add a bucket policy to a bucket to grant other AWS accounts or IAM users access permissions for the bucket and the objects in it. Object permissions apply only to the objects that the bucket owner creates. It does not help with auditing requests made to your bucket. S3 Versioning - Versioning is a means of keeping multiple variants of an object in the same bucket. You can use versioning to preserve, retrieve, and restore every version of every object stored in your Amazon S3 bucket. With versioning, you can easily recover from both unintended user actions and application failures. It does not help with auditing requests made to your bucket. Reference: https://docs.aws.amazon.com/AmazonS3/latest/dev/ServerLogs.html Temática Security and Compliance <div
Which of the following billing timeframes is applied when running a Windows EC2 on-demand instance?@Pay per second<br><br>(Incorrect Answer) Pay per minute<br>(Incorrect Answer) Pay per day<br>(Incorrect Answer) Pay per hour<br><br><b>Explicación general:</b><br>Correct option: Pay per second With On-Demand instances, you only pay for the Amazon EC2 instances you use. The use of On-Demand instances frees you from the costs and complexities of planning, purchasing, and maintaining hardware and transforms what are commonly large fixed costs into much smaller variable costs. When running a Windows EC2 on-demand instance, pay-per-second pricing is applied. Incorrect options: Pay per hour - When running an Amazon Windows EC2 On-demand instance, pay-per-second pricing is applied. Windows-based EC2 instances used to follow pay-per-hour pricing earlier. Pay per minute - Pay per minute pricing is not available for Windows EC2 on-demand instances, or any other type of on-demand EC2 instance. Pay per day - Pay per day pricing is not available for Windows EC2 on-demand instances, or any other type of on-demand EC2 instance. Reference: https://aws.amazon.com/ec2/pricing/ Temática Billing and Pricing <div
A data science team would like to build Machine Learning models for its projects. Which AWS service can it use?@Amazon SageMaker<br><br>(Incorrect Answer) Amazon Polly<br>(Incorrect Answer) Amazon Comprehend<br>(Incorrect Answer) Amazon Connect<br><br><b>Explicación general:</b><br>Correct option: Amazon SageMaker Amazon SageMaker is a fully-managed platform that enables developers and data scientists to quickly and easily build, train, and deploy machine learning models at any scale. Amazon SageMaker removes all the barriers that typically slow down developers who want to use machine learning. Incorrect options: Amazon Polly - You can use Amazon Polly to turn text into lifelike speech thereby allowing you to create applications that talk. Polly's Text-to-Speech (TTS) service uses advanced deep learning technologies to synthesize natural sounding human speech. Amazon Comprehend - Amazon Comprehend is a natural language processing (NLP) service that uses machine learning to find meaning and insights in text. Natural Language Processing (NLP) is a way for computers to analyze, understand, and derive meaning from textual information in a smart and useful way. By utilizing natural language processing (NLP), you can extract important phrases, sentiment, syntax, key entities such as brand, date, location, person, etc., and the language of the text. Amazon Connect - Amazon Connect is an omnichannel cloud contact center. You can set up a contact center in a few steps, add agents who are located anywhere, and start engaging with your customers. You can create personalized experiences for your customers using omnichannel communications. Amazon Connect is an open platform that you can integrate with other enterprise applications. Reference: https://aws.amazon.com/sagemaker/ Temática Technology <div
A media company wants to enable customized content suggestions for the users of its movie streaming platform. Which AWS service can provide these personalized recommendations based on historic data?@Amazon Personalize<br><br>(Incorrect Answer) Amazon Customize<br>(Incorrect Answer) Amazon Comprehend<br>(Incorrect Answer) Amazon SageMaker<br><br><b>Explicación general:</b><br>Correct option: Amazon Personalize Amazon Personalize enables developers to build applications with the same machine learning (ML) technology used by Amazon.com for real-time personalized recommendations. Amazon Personalize can be used to personalize the end-user experience over any digital channel. Examples include product recommendations for e-commerce, news articles and content recommendation for publishing, media, and social networks, hotel recommendations for travel websites, credit card recommendations for banks, and match recommendations for dating sites. These recommendations and personalized experiences can be delivered over websites, mobile apps, or email/messaging. Amazon Personalize can also be used to customize the user experience when user interaction is over a physical channel, e.g., a meal delivery company could personalize weekly meals to users in a subscription plan. Amazon Personalize supports the following key use cases: Personalized recommendations Similar items Personalized reranking i.e. rerank a list of items for a user Personalized promotions/notifications Incorrect options: Amazon SageMaker - Amazon SageMaker is a fully managed service that provides every developer and data scientist with the ability to build, train, and deploy machine learning (ML) models quickly. Amazon SageMaker removes the heavy lifting from each step of the machine learning process to make it easier to develop high-quality models. Amazon Customize - There is no such service as Amazon Customize. This option has been added as a distractor. Amazon Comprehend - Amazon Comprehend is a natural-language processing (NLP) service that uses machine learning to uncover information in unstructured data. Instead of combing through documents, the process is simplified and unseen information is easier to understand. The service can identify critical elements in data, including references to language, people, and places, and the text files can be categorized by relevant topics. In real-time, you can automatically and accurately detect customer sentiment in your content. Reference: https://aws.amazon.com/personalize/ Temática Technology <div
Which of the following AWS services can be used to generate, use, and manage encryption keys on the AWS Cloud?@AWS CloudHSM<br><br>(Incorrect Answer) AWS GuardDuty<br>(Incorrect Answer) AWS Secrets Manager<br>(Incorrect Answer) Amazon Inspector<br><br><b>Explicación general:</b><br>Correct option: AWS CloudHSM The AWS CloudHSM service helps you meet corporate, contractual, and regulatory compliance requirements for data security by using dedicated Hardware Security Module (HSM) instances within the AWS cloud. AWS CloudHSM allows you to securely generate, store, and manage cryptographic keys used for data encryption in a way that keys are accessible only to you. How AWS CloudHSM works: via - https://aws.amazon.com/cloudhsm/ Incorrect options: Amazon Inspector - Amazon Inspector is an automated security assessment service that helps improve the security and compliance of applications deployed on AWS. Amazon Inspector automatically assesses applications for exposure, vulnerabilities, and deviations from best practices. It cannot be used to generate, use, and manage encryption keys. AWS GuardDuty - Amazon GuardDuty is a threat detection service that continuously monitors for malicious or unauthorized behavior to help you protect your AWS accounts and workloads. It cannot be used to generate, use, and manage encryption keys. AWS Secrets Manager - AWS Secrets Manager helps you protect secrets needed to access your applications, services, and IT resources. The service enables you to easily rotate, manage, and retrieve database credentials, API keys, and other secrets throughout their lifecycle. It is integrated with AWS CloudHSM to generate, use, and manage encryption keys. Reference: https://aws.amazon.com/cloudhsm/ Temática Security and Compliance <div
Which of the following options are the benefits of using AWS Elastic Load Balancing (ELB)? (Select TWO)@Fault tolerance<br>High availability<br><br>(Incorrect Answer) Storage<br>(Incorrect Answer) Agility<br>(Incorrect Answer) Less costly<br><br><b>Explicación general:</b><br>Correct options: High availability Fault tolerance Elastic Load Balancing (ELB) automatically distributes incoming application traffic across multiple targets, such as Amazon EC2 instances, containers, and IP addresses. It can handle the varying load of your application traffic in a single Availability Zone (AZ) or across multiple Availability Zones (AZs). Elastic Load Balancing (ELB) offers three types of load balancers that all feature the high availability, automatic scaling, and robust security necessary to make your applications fault-tolerant: Application Load Balancer (best suited for HTTP and HTTPS traffic), Network Load Balancer (best suited for TCP traffic), and Classic Load Balancer. Incorrect options: Agility - Agility refers to new IT resources being only a click away, which means that you reduce the time to make those resources available to your developers from weeks to just minutes. AWS Elastic Load Balancing (ELB) does not help with agility. Less costly - AWS Elastic Load Balancing (ELB) does not help with reducing costs. Storage - AWS Elastic Load Balancing (ELB) does not offer storage benefits. It is not a storage-related service. Reference: https://aws.amazon.com/elasticloadbalancing/ Temática Cloud Concepts <div
Which types of monitoring can be provided by Amazon CloudWatch? (Select TWO)@Resource utilization<br>Application performance<br><br>(Incorrect Answer) Account management<br>(Incorrect Answer) API access<br>(Incorrect Answer) Performance and availability of AWS services<br><br><b>Explicación general:</b><br>Correct options: Application performance Resource utilization Amazon CloudWatch is a monitoring service for AWS cloud resources and the applications you run on AWS. You can use Amazon CloudWatch to collect and track metrics, collect and monitor log files, and set alarms. Amazon CloudWatch can monitor AWS resources such as Amazon Elastic Compute Cloud (Amazon EC2) instances, Amazon DynamoDB tables, and Amazon Amazon Relational Database Service (Amazon RDS) DB instances, as well as custom metrics generated by your applications and services, and any log files your applications generate. You can use Amazon CloudWatch to gain system-wide visibility into resource utilization, application performance, and operational health. You can use these insights to react and keep your application running smoothly. How Amazon CloudWatch works: via - https://aws.amazon.com/cloudwatch/ Incorrect options: API access - Recording API calls is a feature of AWS CloudTrail, not Amazon CloudWatch. Performance and availability of AWS services - The AWS Health - Your Account Health Dashboard gives you a personalized view of the performance and availability of the AWS services underlying your AWS resources, not Amazon CloudWatch. Account management - AWS Identity and Access Management (AWS IAM) is usually used to manage accounts, not Amazon CloudWatch. References: https://aws.amazon.com/cloudwatch/features/ https://aws.amazon.com/cloudwatch/ Temática Technology <div
A company would like to define a set of rules to manage objects cost-effectively between Amazon Simple Storage Service (Amazon S3) storage classes. As a Cloud Practitioner, which Amazon S3 feature would you use?@Amazon Simple Storage Service (Amazon S3) Lifecycle configuration<br><br>(Incorrect Answer) Amazon S3 Transfer Acceleration (Amazon S3TA)<br>(Incorrect Answer) S3 Cross-Region Replication (S3 CRR)<br>(Incorrect Answer) Amazon Simple Storage Service (Amazon S3) Bucket policies<br><br><b>Explicación general:</b><br>Correct option: Amazon Simple Storage Service (Amazon S3) Lifecycle configuration To manage your objects so that they are stored cost-effectively throughout their lifecycle, configure their Amazon S3 Lifecycle. An S3 Lifecycle configuration is a set of rules that define actions that Amazon S3 applies to a group of objects. There are two types of actions: Transition actions (define when objects transition to another storage class) and expiration actions (define when objects expire. Amazon S3 deletes expired objects on your behalf). In this particular use case, you would use a transition action. Incorrect options: Amazon S3 Transfer Acceleration (Amazon S3TA) - Amazon S3 Transfer Acceleration (Amazon S3TA) enables fast, easy, and secure transfers of files over long distances between your client and an Amazon S3 bucket. It is not used to move objects between storage classes. Amazon Simple Storage Service (Amazon S3) Bucket policies - An S3 bucket policy is a resource-based AWS Identity and Access Management (IAM) policy. You add a bucket policy to a bucket to grant other AWS accounts or IAM users access permissions for the bucket and the objects in it. Object permissions apply only to the objects that the bucket owner creates. It is not used to move objects between storage classes. S3 Cross-Region Replication (S3 CRR) - S3 Cross-Region Replication (S3 CRR) enables automatic, asynchronous copying of objects across Amazon S3 buckets. Cross-Region replication (CRR) is used to copy objects across Amazon S3 buckets in different AWS Regions. It is not used to move objects between storage classes. References: https://docs.aws.amazon.com/AmazonS3/latest/dev/object-lifecycle-mgmt.html https://aws.amazon.com/s3/ Temática Technology <div
Which of the following statements is CORRECT regarding the scope of an Amazon Virtual Private Cloud (VPC)?@A VPC spans all Availability Zones (AZs) within an AWS region<br><br>(Incorrect Answer) A VPC spans all AWS regions within an Availability Zone (AZ)<br>(Incorrect Answer) Amazon VPC spans all subnets in all AWS regions<br>(Incorrect Answer) A VPC spans all Availability Zones (AZs) in all AWS regions<br><br><b>Explicación general:</b><br>Correct option: A VPC spans all Availability Zones (AZs) within an AWS region Amazon Virtual Private Cloud (Amazon VPC) lets you provision a logically isolated section of the AWS Cloud where you can launch AWS resources in a virtual network that you define. You have complete control over your virtual networking environment, including selection of your own IP address range, creation of subnets, and configuration of route tables and network gateways. An Amazon VPC spans all Availability Zones (AZs) within a region. Incorrect options: Amazon VPC spans all subnets in all AWS regions - A VPC is located within an AWS region. A VPC spans all Availability Zones (AZs) in all AWS regions - A VPC is located within an AWS region. A VPC spans all AWS regions within an Availability Zone (AZ) - AWS has the concept of a Region, which is a physical location around the world where AWS clusters data centers. Each AWS Region consists of multiple (two or more), isolated, and physically separate Availability Zone (AZs) within a geographic area. An Availability Zone (AZ) is one or more discrete data centers with redundant power, networking, and connectivity in an AWS Region. Therefore, regions cannot be within an Availability Zone. Moreover, a VPC is located within a region. AWS Regions and Availability Zones (AZs) Overview: via - https://aws.amazon.com/about-aws/global-infrastructure/regions_az/ Reference: https://aws.amazon.com/vpc/ Temática Technology <div
A company would like to reserve Amazon Elastic Compute Cloud (Amazon EC2) compute capacity for three years to reduce costs. The company also plans to increase their workloads during this period. As a Cloud Practitioner, which Amazon Elastic Compute Cloud (Amazon EC2) reserved instance (RI) type would you recommend?@Convertible reserved instance (RI)<br><br>(Incorrect Answer) Adaptable reserved instances (RI)<br>(Incorrect Answer) Scheduled reserved instance (RI)<br>(Incorrect Answer) Standard reserved instance (RI)<br><br><b>Explicación general:</b><br>Correct option: Convertible reserved instance (RI) Purchase convertible reserved instance (RI) if you need additional flexibility, such as the ability to use different instance families, operating systems, or tenancies over the reserved instance (RI) term. Convertible reserved instance (RI) provides you with a significant discount (up to 54%) compared to an on-demand instance and can be purchased for a 1-year or 3-year term. Convertible reserved instance (RI) can be useful when workloads are likely to change. In this case, a convertible reserved instance (RI) enables you to adapt as needs evolve while still obtaining discounts and capacity reservation. Amazon EC2 Pricing Options Overview: via - https://aws.amazon.com/ec2/pricing/ Incorrect options: Standard reserved instance (RI) - Standard reserved instance (RI) provides you with a significant discount (up to 72%) compared to on-demand instance pricing, and can be purchased for a 1-year or 3-year term. Standard reserved instance (RI) do not offer as much flexibility as convertible reserved instance (RI), such as not being able to change the instance family type; and therefore are not best-suited for this use case. Review the differences between standard reserved instance (RI) and convertible reserved instance (RI): https://docs.aws.amazon.com/whitepapers/latest/cost-optimization-reservation-models/standard-vs.-convertible-offering-classes.html Scheduled reserved instance (RI) - AWS does not support scheduled reserved instance (RI), so this option is ruled out. Adaptable reserved instances (RI) - Adaptable reserved instance (RI) is not a valid type of reserved instance (RI). It is a distractor. Reference: https://aws.amazon.com/ec2/pricing/reserved-instances/pricing/ Temática Billing and Pricing <div
Which service/tool will you use to create and provide trusted users with temporary security credentials that can control access to your AWS resources?@AWS Security Token Service (AWS STS)<br><br>(Incorrect Answer) AWS IAM Identity Center<br>(Incorrect Answer) Amazon Cognito<br>(Incorrect Answer) AWS Web Application Firewall (AWS WAF)<br><br><b>Explicación general:</b><br>Correct option: AWS Security Token Service (AWS STS) AWS Security Token Service (AWS STS) is a web service that enables you to request temporary, limited-privilege credentials for AWS Identity and Access Management (AWS IAM) users or for users that you authenticate (federated users). You can use the AWS Security Token Service (AWS STS) to create and provide trusted users with temporary security credentials that can control access to your AWS resources. Temporary security credentials work almost identically to the long-term access key credentials that your IAM users can use, with the following differences: Temporary security credentials are short-term, as the name implies. They can be configured to last for anywhere from a few minutes to several hours. After the credentials expire, AWS no longer recognizes them or allows any kind of access from API requests made with them. Temporary security credentials are not stored with the user but are generated dynamically and provided to the user when requested. When (or even before) the temporary security credentials expire, the user can request new credentials, as long as the user requesting them still has permission to do so. Temporary security credentials are generated by AWS Security Token Service (AWS STS). By default, AWS STS is a global service with a single endpoint at https://sts.amazonaws.com. However, you can also choose to make AWS STS API calls to endpoints in any other supported Region. Incorrect options: Amazon Cognito - Amazon Cognito is a higher level of abstraction than AWS Security Token Service (AWS STS). Amazon Cognito supports the same identity providers as AWS STS, and also supports unauthenticated (guest) access, and lets you migrate user data when a user signs in. Amazon Cognito also provides API operations for synchronizing user data so that it is preserved as users move between devices. Amazon Cognito helps create the user database, which is not possible with STS. AWS IAM Identity Center - AWS IAM Identity Center is the successor to AWS Single Sign-On (AWS SSO). It is built on top of AWS Identity and Access Management (AWS IAM) to simplify access management to multiple AWS accounts, AWS applications, and other SAML-enabled cloud applications. In AWS IAM Identity Center, you create or connect, your workforce users for use across AWS. You can choose to manage access just to your AWS accounts, just to your cloud applications, or to both. AWS Web Application Firewall (AWS WAF) - AWS Web Application Firewall (AWS WAF) is a web application firewall that helps protect your web applications or APIs against common web exploits and bots that may affect availability, compromise security, or consume excessive resources. AWS WAF gives you control over how traffic reaches your applications by enabling you to create security rules that control bot traffic and block common attack patterns, such as SQL injection or cross-site scripting. Reference: https://docs.aws.amazon.com/IAM/latest/UserGuide/id_credentials_temp.html Temática Security and Compliance <div
A company based in Sydney hosts its application on an Amazon Elastic Compute Cloud (Amazon EC2) instance in ap-southeast-2. They would like to deploy the same Amazon EC2 instances in eu-south-1. Which of the following AWS entities can address this use case?@Amazon Machine Image (AMI)<br><br>(Incorrect Answer) Elastic Load Balancing (ELB)<br>(Incorrect Answer) AWS Lambda<br>(Incorrect Answer) Amazon EBS Elastic Volume snapshots<br><br><b>Explicación general:</b><br>Correct option: Amazon Machine Image (AMI) An Amazon Machine Image (AMI) provides the information required to launch an instance. You must specify an Amazon Machine Image (AMI) when you launch an instance. You can launch multiple instances from a single Amazon Machine Image (AMI) when you need multiple instances with the same configuration. How to use an Amazon Machine Image (AMI): via - https://docs.aws.amazon.com/AWSEC2/latest/UserGuide/AMIs.html Incorrect options: Elastic Load Balancing (ELB) - Elastic Load Balancing (ELB) automatically distributes incoming application traffic across multiple targets, such as Amazon EC2 instances, containers, IP addresses, and Lambda functions. It can handle the varying load of your application traffic in a single Availability Zone (AZ) or across multiple Availability Zones (AZs). It cannot be used to deploy the same EC2 instances across different Availability Zones (AZs). AWS Lambda - AWS Lambda lets you run code without provisioning or managing servers. It cannot be used to deploy the same EC2 instances across different Availability Zones (AZs). Amazon EBS Elastic Volume snapshots - An Amazon EBS snapshot is a point-in-time copy of your Amazon EBS volume. EBS snapshots are one of the components of an AMI, but EBS snapshots alone cannot be used to deploy the same EC2 instances across different Availability Zones (AZs). Reference: https://docs.aws.amazon.com/AWSEC2/latest/UserGuide/AMIs.html Temática Technology <div
According to the AWS Well-Architected Framework, which of the following statements are recommendations in the Operational Excellence pillar? (Select two)@Make frequent, small, reversible changes<br>Anticipate failure<br><br>(Incorrect Answer) Automatically recover from failure<br>(Incorrect Answer) Use serverless architectures<br>(Incorrect Answer) Enable traceability<br><br><b>Explicación general:</b><br>Correct options: Anticipate failure Make frequent, small, reversible changes The Operational Excellence pillar includes the ability to run and monitor systems to deliver business value and to continually improve supporting processes and procedures. Perform “pre-mortem” exercises to identify potential sources of failure so that they can be removed or mitigated. Test your failure scenarios and validate your understanding of their impact. Test your response procedures to ensure that they are effective, and that teams are familiar with their execution. Set up regular game days to test workloads and team responses to simulated events. Design workloads to allow components to be updated regularly. Make changes in small increments that can be reversed if they fail (without affecting customers when possible). The AWS Well-Architected Framework helps you understand the pros and cons of the decisions you make while building systems on AWS. By using the Framework you will learn architectural best practices for designing and operating reliable, secure, efficient, and cost-effective systems in the cloud. It provides a way for you to consistently measure your architectures against best practices and identify areas for improvement. The AWS Well-Architected Framework is based on six pillars — Operational Excellence, Security, Reliability, Performance Efficiency, Cost Optimization, and Sustainability. Overview of the six pillars of the AWS Well-Architected Framework: via - https://aws.amazon.com/architecture/well-architected/ Incorrect options: Enable traceability - Monitor, alert, and audit actions and changes to your environment in real-time. Integrate logs and metrics with systems to automatically respond and take action. It is a design principle of the Security pillar. Automatically recover from failure - By monitoring a system for key performance indicators (KPIs), you can trigger automation when a threshold is breached. This allows for automatic notification and tracking of failures, and for automated recovery processes that work around or repair the failure. With more sophisticated automation, it's possible to anticipate and remediate failures before they occur. It is a design principle of the Reliability pillar. Use serverless architectures - In the cloud, serverless architectures remove the need for you to run and maintain servers to carry out traditional compute activities. For example, storage services can act as static websites, removing the need for web servers, and event services can host your code for you. This not only removes the operational burden of managing these servers but also can lower transactional costs because these managed services operate at a cloud scale. It is a design principle of the Performance Efficiency pillar. Reference: https://wa.aws.amazon.com/index.en.html Temática Cloud Concepts <div
Which security control tool can be used to deny traffic from a specific IP address?@Network Access Control List (network ACL)<br><br>(Incorrect Answer) Amazon GuardDuty<br>(Incorrect Answer) VPC Flow Logs<br>(Incorrect Answer) Security Group<br><br><b>Explicación general:</b><br>Correct option: Network Access Control List (network ACL) A Network Access Control List (network ACL) is an optional layer of security for your virtual private cloud (VPC) that acts as a firewall for controlling traffic in and out of one or more subnets (i.e. it works at the subnet level). A network ACL has separate inbound and outbound rules, and each rule can either allow or deny traffic. Network Access Control List (network ACL) Overview: via - https://docs.aws.amazon.com/vpc/latest/userguide/vpc-network-acls.html Incorrect options: Security Group - A security group acts as a virtual firewall for your instance to control inbound and outbound traffic. Security groups act at the instance level, not at the subnet level. You can specify allow rules, but not deny rules. You can specify separate rules for inbound and outbound traffic. Amazon GuardDuty - Amazon GuardDuty is a threat detection service that continuously monitors for malicious or unauthorized behavior to help you protect your AWS accounts and workloads. It monitors for activity such as unusual API calls or potentially unauthorized deployments that indicate a possible account compromise. Amazon GuardDuty also detects potentially compromised instances or reconnaissance by attackers. It cannot deny traffic from a specific IP address. VPC Flow Logs - VPC Flow Logs is a feature that enables you to capture information about the IP traffic going to and from network interfaces in your VPC. Flow log data can be published to Amazon CloudWatch Logs or Amazon Simple Storage Service (Amazon S3). After you've created a flow log, you can retrieve and view its data in the chosen destination. However, it cannot deny traffic from a specific IP address. Reference: https://docs.aws.amazon.com/vpc/latest/userguide/vpc-network-acls.html Temática Security and Compliance <div
A production company would like to establish an AWS managed virtual private network (VPN) service between its on-premises network and AWS. Which item needs to be set up on the company's side?@A customer gateway<br><br>(Incorrect Answer) A security group<br>(Incorrect Answer) A virtual private gateway (VGW)<br>(Incorrect Answer) A VPC endpoint interface<br><br><b>Explicación general:</b><br>Correct option: A customer gateway A customer gateway device is a physical or software appliance on your side of a Site-to-Site VPN connection. You or your network administrator must configure the device to work with the Site-to-Site VPN connection. You can enable access to your remote network from your VPC by creating an AWS Site-to-Site VPN (Site-to-Site VPN) connection, and configuring routing to pass traffic through the connection. More on customer gateway device: via - https://docs.aws.amazon.com/vpn/latest/s2svpn/your-cgw.html Incorrect options: A security group - A security group acts as a virtual firewall for your instance to control inbound and outbound traffic. It is not a component of a connection between on-premises network and AWS. A VPC endpoint interface - An interface VPC endpoint (interface endpoint) enables you to connect to services powered by AWS PrivateLink. It is not a component of a connection between on-premises network and AWS. A virtual private gateway (VGW) - A virtual private gateway (VGW) device is a physical or software appliance on AWS side of a Site-to-Site VPN connection. References: https://docs.aws.amazon.com/vpn/latest/s2svpn/your-cgw.html https://docs.aws.amazon.com/vpn/latest/s2svpn/VPC_VPN.html Temática Technology <div
A company needs to use a secure online data transfer tool/service that can automate the ongoing transfers from on-premises systems into AWS while providing support for incremental data backups. Which AWS tool/service is an optimal fit for this requirement?@AWS DataSync<br><br>(Incorrect Answer) AWS Snowball Edge<br>(Incorrect Answer) AWS Snowball<br>(Incorrect Answer) AWS Storage Gateway<br><br><b>Explicación general:</b><br>Correct option: AWS DataSync AWS DataSync is a secure online data transfer service that simplifies, automates, and accelerates copying terabytes of data to and from AWS storage services. Easily migrate or replicate large data sets without having to build custom solutions or oversee repetitive tasks. DataSync can copy data between Network File System (NFS) shares, or Server Message Block (SMB) shares, self-managed object storage, AWS Snowcone, Amazon Simple Storage Service (Amazon S3) buckets, Amazon Elastic File System (Amazon EFS) file systems, and Amazon FSx for Windows File Server file systems. You can use AWS DataSync for ongoing transfers from on-premises systems into or out of AWS for processing. DataSync can help speed up your critical hybrid cloud storage workflows in industries that need to move active files into AWS quickly. This includes machine learning in life sciences, video production in media and entertainment, and big data analytics in financial services. AWS DataSync provides timely delivery to ensure dependent processes are not delayed. You can specify exclude filters, include filters, or both, to determine which files, folders, or objects get transferred each time your task runs. AWS DataSync employs an AWS-designed transfer protocol—decoupled from the storage protocol—to accelerate data movement. The protocol performs optimizations on how, when, and what data is sent over the network. Network optimizations performed by DataSync include incremental transfers, in-line compression, and sparse file detection, as well as in-line data validation and encryption. Data Transfer between on-premises and AWS using AWS DataSync: via - https://aws.amazon.com/datasync/ Incorrect options: AWS Storage Gateway - AWS Storage Gateway is a set of hybrid cloud services that give you on-premises access to virtually unlimited cloud storage. Customers use AWS Storage Gateway to integrate AWS Cloud storage with existing on-site workloads so they can simplify storage management and reduce costs for key hybrid cloud storage use cases. These include moving backups to the cloud, using on-premises file shares backed by cloud storage, and providing low latency access to data in AWS for on-premises applications. AWS Snowball - AWS Snowball is a physical data transport device used for large-scale offline data transfers. It is ideal when you need to migrate terabytes or petabytes of data and lack high-speed internet. However, it is not an online or ongoing transfer solution, nor does it support automated or incremental backups. AWS Snowball Edge - AWS Snowball Edge is an enhanced version of AWS Snowball that supports local compute capabilities in addition to offline data transfers. It is suitable for edge computing and disconnected environments, not for ongoing online data transfers with incremental sync. References: https://aws.amazon.com/datasync/ https://aws.amazon.com/datasync/features/ https://aws.amazon.com/snowball/ https://docs.aws.amazon.com/snowball/latest/developer-guide/whatisedge.html Temática Technology <div
Which AWS tool can provide best practice recommendations for performance, service limits, and cost optimization?@AWS Trusted Advisor<br><br>(Incorrect Answer) Amazon CloudWatch<br>(Incorrect Answer) AWS Health Dashboard - Service health<br>(Incorrect Answer) Amazon Inspector<br><br><b>Explicación general:</b><br>Correct option: AWS Trusted Advisor AWS Trusted Advisor is an online resource to help you reduce cost, increase performance, and improve security by optimizing your AWS environment. AWS Trusted Advisor provides real-time guidance to help you provision your resources following AWS best practices. How AWS Trusted Advisor works: via - https://aws.amazon.com/premiumsupport/technology/trusted-advisor/ Incorrect options: Amazon Inspector - Amazon Inspector is an automated security assessment service that helps improve the security and compliance of applications deployed on your Amazon EC2 instances. Amazon Inspector automatically assesses applications for exposure, vulnerabilities, and deviations from best practices. Nevertheless, it does not provide best practice recommendations. AWS Health Dashboard - Service health - AWS Health Dashboard - Service health publishes most up-to-the-minute information on the status and availability of all AWS services in tabular form for all Regions that AWS is present in. It does not provide best practice recommendations. Amazon CloudWatch - Amazon CloudWatch is a monitoring and observability service built for DevOps engineers, developers, site reliability engineers (SREs), and IT managers. Amazon CloudWatch provides data and actionable insights to monitor applications, respond to system-wide performance changes, optimize resource utilization, and get a unified view of operational health. This is an excellent service for building Resilient systems. Think resource performance monitoring, events, and alerts; think Amazon CloudWatch. Amazon CloudWatch does not provide best practice recommendations. Reference: https://aws.amazon.com/premiumsupport/technology/trusted-advisor/ Temática Security and Compliance <div
Which AWS service can be used to view the most comprehensive billing details for the past month?@AWS Cost & Usage Report (AWS CUR)<br><br>(Incorrect Answer) AWS Pricing Calculator<br>(Incorrect Answer) AWS Budgets<br>(Incorrect Answer) AWS Cost Explorer<br><br><b>Explicación general:</b><br>Correct option: AWS Cost & Usage Report (AWS CUR) The AWS Cost & Usage Report (AWS CUR) contains the most comprehensive set of cost and usage data available. You can use Cost and Usage Reports to publish your AWS billing reports to an Amazon Simple Storage Service (Amazon S3) bucket that you own. You can receive reports that break down your costs by the hour or month, by product or product resource, or by tags that you define yourself. AWS Cost & Usage Report (AWS CUR) Overview: via - https://docs.aws.amazon.com/cur/latest/userguide/what-is-cur.html Incorrect options: AWS Budgets - AWS Budgets gives the ability to set custom budgets that alert you when your costs or usage exceed (or are forecasted to exceed) your budgeted amount. You can also use AWS Budgets to set reservation utilization or coverage targets and receive alerts when your utilization drops below the threshold you define. Budgets can be created at the monthly, quarterly, or yearly level, and you can customize the start and end dates. You can further refine your budget to track costs associated with multiple dimensions, such as AWS service, linked account, tag, and others. AWS Budgets cannot provide billing details for the past month. AWS Cost Explorer - AWS Cost Explorer has an easy-to-use interface that lets you visualize, understand, and manage your AWS costs and usage over time. AWS Cost Explorer includes a default report that helps you visualize the costs and usage associated with your top five cost-accruing AWS services and gives you a detailed breakdown of all services in the table view. The reports let you adjust the time range to view historical data going back up to twelve months to gain an understanding of your cost trends. AWS Cost Explorer cannot provide granular billing details for the past month. AWS Pricing Calculator - AWS Pricing Calculator lets you explore AWS services and create an estimate for the cost of your use cases on AWS. You can model your solutions before building them, explore the price points and calculations behind your estimate, and find the available instance types and contract terms that meet your needs. This enables you to make informed decisions about using AWS. You can plan your AWS costs and usage or price out by setting up a new set of instances and services. AWS Pricing Calculator cannot provide billing details for the past month. Exam Alert: Please review the differences between "AWS Cost & Usage Report (AWS CUR)" and "AWS Cost Explorer". Think of "AWS Cost & Usage Report (AWS CUR)" as a cost management tool providing the most detailed cost and usage data for your AWS account. It can provide reports that break down your costs by the hour into your Amazon Simple Storage Service (Amazon S3) bucket. On the other hand, "AWS Cost Explorer" is more of a high-level cost management tool that helps you visualize the costs and usage associated with your AWS account. "AWS Cost Explorer" vs "AWS Cost & Usage Report (AWS CUR)": via - https://aws.amazon.com/aws-cost-management/aws-cost-explorer/ via - https://aws.amazon.com/aws-cost-management/aws-cost-and-usage-reporting/ References: https://docs.aws.amazon.com/cur/latest/userguide/what-is-cur.html https://aws.amazon.com/aws-cost-management/aws-cost-explorer/ https://aws.amazon.com/aws-cost-management/aws-cost-and-usage-reporting/ Temática Billing and Pricing <div
A company would like to create a private, high bandwidth network connection between its on-premises data centers and AWS Cloud. As a Cloud Practitioner, which of the following options would you recommend?@AWS Direct Connect<br><br>(Incorrect Answer) VPC Endpoints<br>(Incorrect Answer) VPC peering connection<br>(Incorrect Answer) AWS Site-to-Site VPN<br><br><b>Explicación general:</b><br>Correct option: AWS Direct Connect AWS Direct Connect is a cloud service solution that makes it easy to establish a dedicated network connection from your premises to AWS. Using AWS Direct Connect, you can establish private connectivity between AWS and your data center, office, or colocation environment, which in many cases can reduce your network costs, increase bandwidth throughput, and provide a more consistent network experience than Internet-based connections. How AWS Direct Connect works: via - https://aws.amazon.com/directconnect/ Incorrect options: AWS Site-to-Site VPN - By default, instances that you launch into an Amazon VPC can't communicate with your own (remote) network. You can enable access to your remote network from your VPC by creating an AWS Site-to-Site VPN (Site-to-Site VPN) connection and configuring routing to pass traffic through the connection. It uses the public internet and is therefore not suited for this use case. VPC Endpoints - A VPC endpoint enables you to privately connect your VPC to supported AWS services and VPC endpoint services powered by AWS PrivateLink without requiring an internet gateway, NAT device, VPN connection, or AWS Direct Connect connection. It does not connect your on-premises data centers and AWS Cloud. VPC peering connection - A VPC peering connection is a networking connection between two virtual private clouds (VPCs) that enables you to route traffic between them using private IPv4 addresses or IPv6 addresses. It is used to connect virtual private clouds (VPCs) together, and not on-premises data centers and AWS Cloud. Reference: https://aws.amazon.com/directconnect/ Temática Security and Compliance <div
An organization would like to copy data across different Availability Zones (AZs) using Amazon EBS snapshots. Where are Amazon EBS snapshots stored in the AWS Cloud?@Amazon Simple Storage Service (Amazon S3)<br><br>(Incorrect Answer) Amazon Relational Database Service (Amazon RDS)<br>(Incorrect Answer) Amazon Elastic Compute Cloud (Amazon EC2)<br>(Incorrect Answer) Amazon Elastic File System (Amazon EFS)<br><br><b>Explicación general:</b><br>Correct option: Amazon Simple Storage Service (Amazon S3) You can create a point-in-time snapshot of an Amazon EBS Elastic Volume and use it as a baseline for new volumes or data backup. If you make periodic snapshots of a volume, the snapshots are incremental—the new snapshot saves only the blocks that have changed since your last snapshot. You can back up the data on your Amazon EBS Elastic Volumes to Amazon Simple Storage Service (Amazon S3) by taking point-in-time snapshots. Incorrect options: Amazon Elastic Compute Cloud (Amazon EC2) - Amazon Elastic Compute Cloud (Amazon EC2) is a web service that provides secure, resizable compute capacity in the cloud. It is designed to make web-scale computing easier for developers. Amazon EBS snapshots cannot be stored on Amazon EC2. Amazon Relational Database Service (Amazon RDS) - Amazon Relational Database Service (Amazon RDS) makes it easy to set up, operate, and scale a relational database in the cloud. Amazon EBS snapshots cannot be stored on Amazon RDS. Amazon Elastic File System (Amazon EFS) - Amazon Elastic File System (Amazon EFS) provides a simple, scalable, elastic file system for Linux-based workloads for use with AWS Cloud services and on-premises resources. Amazon EBS snapshots cannot be stored on Amazon EFS. Reference: https://docs.aws.amazon.com/AWSEC2/latest/UserGuide/EBSSnapshots.html Temática Technology <div
Which AWS service can inspect Amazon CloudFront distributions running on any HTTP web server?@AWS Web Application Firewall (AWS WAF)<br><br>(Incorrect Answer) Elastic Load Balancing (ELB)<br>(Incorrect Answer) Amazon Inspector<br>(Incorrect Answer) AWS GuardDuty<br><br><b>Explicación general:</b><br>Correct option: AWS Web Application Firewall (AWS WAF) AWS Web Application Firewall (AWS WAF) is a web application firewall that helps protect web applications from attacks by allowing you to configure rules that allow, block, or monitor (count) web requests based on conditions that you define. These conditions include IP addresses, HTTP headers, HTTP body, URI strings, SQL injection, and cross-site scripting (XSS). AWS WAF is a web application firewall that lets you monitor the HTTP and HTTPS requests that are forwarded to Amazon CloudFront and lets you control access to your content. When you use the AWS web application firewall (AWS WAF) on Amazon CloudFront, your rules run in all AWS Edge Locations, located around the world close to your end-users. This means security doesn’t come at the expense of performance. Blocked requests are stopped before they reach your web servers. How AWS WAF works: via - https://aws.amazon.com/waf/ Incorrect options: AWS GuardDuty - Amazon GuardDuty is a threat detection service that continuously monitors for malicious or unauthorized behavior to help you protect your AWS accounts and workloads. It does not inspect Amazon CloudFront distributions. Amazon Inspector - Amazon Inspector is an automated security assessment service that helps improve the security and compliance of applications deployed on AWS. Amazon Inspector automatically assesses applications for exposure, vulnerabilities, and deviations from best practices. Amazon Inspector security assessments help you check for unintended network accessibility of your Amazon EC2 instances and for vulnerabilities on those EC2 instances. Elastic Load Balancing (ELB) - Elastic Load Balancing (ELB) automatically distributes incoming application traffic across multiple targets, such as Amazon EC2 instances, containers, and IP addresses. It does not inspect Amazon CloudFront distributions. Reference: https://aws.amazon.com/waf/ Temática Technology <div
A Cloud Practitioner would like to centrally view, manage, and operate nodes to quickly identify any issues that might impact applications using those resources. Which AWS service can help with this task?@AWS Systems Manager<br><br>(Incorrect Answer) Amazon Inspector<br>(Incorrect Answer) AWS Health Dashboard - Your Account Health<br>(Incorrect Answer) AWS Trusted Advisor<br><br><b>Explicación general:</b><br>Correct option: AWS Systems Manager AWS Systems Manager helps you centrally view, manage, and operate nodes at scale in AWS, on-premises, and multicloud environments. You can use Systems Manager to manage nodes such as Amazon EC2 instances, Virtual Machines on other clouds, on-premises servers, and other devices with a CPU. A managed node means the SSM Agent is installed on the machine and the agent can communicate with the Systems Manager service. AWS Systems Manager helps you scale operational efficiency by simplifying node management, making it easier to manage nodes running anywhere. Easily install software, apply patches, remediate issues, and gain full visibility across your entire fleet. Incorrect options: Amazon Inspector - Amazon Inspector is an automated security assessment service that helps improve the security and compliance of applications deployed on AWS. It is not used to centrally view, manage, and operate nodes. AWS Health Dashboard - Your Account Health - AWS Health Dashboard - Your Account Health provides alerts and remediation guidance when AWS is experiencing events that may impact you. It is not used to centrally view, manage, and operate nodes. AWS Trusted Advisor - AWS Trusted Advisor is an online resource to help you reduce cost, increase performance, and improve security by optimizing your AWS environment. AWS Trusted Advisor provides real-time guidance to help you provision your resources following AWS best practices. It is not used to centrally view, manage, and operate nodes. Reference: https://aws.amazon.com/systems-manager/faq/ Temática Security and Compliance <div
According to the AWS Shared Responsibility Model, which of the following are the responsibilities of AWS? (Select two)@Network operability<br>Data center security<br><br>(Incorrect Answer) Installing security patches of the guest operating system (OS)<br>(Incorrect Answer) Configuring IAM Roles<br>(Incorrect Answer) Encrypting application data<br><br><b>Explicación general:</b><br>Correct options: Data center security Network operability AWS responsibility “Security OF the Cloud” - AWS is responsible for protecting the infrastructure that runs all of the services offered in the AWS Cloud. This infrastructure is composed of the hardware, software, networking, and facilities that run AWS Cloud services. Exam Alert: Please review the AWS Shared Responsibility Model in detail as you can expect multiple questions on the shared responsibility model in the exam: via - https://aws.amazon.com/compliance/shared-responsibility-model/ Incorrect options: Installing security patches of the guest operating system (OS) - The customers are responsible for patching their guest operating system. Please review the IT controls under the AWS Shared Responsibility Model: via - https://aws.amazon.com/compliance/shared-responsibility-model/ Encrypting application data - The customers are responsible for encrypting application data. Configuring IAM Roles - The customers are responsible for configuring IAM Roles. Reference: https://aws.amazon.com/compliance/shared-responsibility-model/ Temática Security and Compliance <div
Adding more CPU/RAM to an Amazon Elastic Compute Cloud (Amazon EC2) instance represents which of the following?@Vertical scaling<br><br>(Incorrect Answer) Horizontal scaling<br>(Incorrect Answer) Loose coupling<br>(Incorrect Answer) Managing increasing volumes of data<br><br><b>Explicación general:</b><br>Correct option: Vertical scaling A vertically scalable system is constrained to running its processes on only one computer; in such systems, the only way to increase performance is to add more resources into one computer in the form of faster (or more) CPUs, memory, or storage. Incorrect options: Horizontal scaling - A horizontally scalable system is one that can increase capacity by adding more computers to the system. Managing increasing volumes of data - Traditional data storage and analytics tools can no longer provide the agility and flexibility required to deliver relevant business insights. That’s why many organizations are shifting to a data lake architecture. A data lake is an architectural approach that allows you to store massive amounts of data in a central location so that it's readily available to be categorized, processed, analyzed, and consumed by diverse groups within your organization. Loose coupling - As application complexity increases, a desirable attribute of an IT system is that it can be broken into smaller, loosely coupled components. This means that IT systems should be designed in a way that reduces interdependencies—a change or a failure in one component should not cascade to other components. Reference: https://wa.aws.amazon.com/wat.concept.horizontal-scaling.en.html Temática Cloud Concepts <div
A production company with predictable usage would like to reduce the cost of its Amazon Elastic Compute Cloud (Amazon EC2) instances by using reserved instances (RI). Which of the following length terms are available for Amazon EC2 reserved instances (RI)? (Select Two)@1 year<br>3 years<br><br>(Incorrect Answer) 6 months<br>(Incorrect Answer) 5 years<br>(Incorrect Answer) 2 years<br><br><b>Explicación general:</b><br>Correct options: 1 year 3 years Reserved Instances (RI) provide you with a significant discount (up to 75%) compared to On-Demand instance pricing. Besides, when Reserved Instances (RI) are assigned to a specific Availability Zone (AZ), they provide a capacity reservation, giving you additional confidence in your ability to launch instances when you need them. Standard and Convertible reserved instances can be purchased for a 1-year or 3-year term. EC2 Pricing Options Overview: via - https://aws.amazon.com/ec2/pricing/ Incorrect options: 6 months - It is not possible to reserve instances for 6 months. 5 years - It is not possible to reserve instances for 5 years. 2 years - It is not possible to reserve instances for 2 years. Reference: https://aws.amazon.com/ec2/pricing/ Temática Technology <div
Which of the following statements is the MOST accurate when describing AWS Elastic Beanstalk?@It is a Platform as a Service (PaaS) that allows you to deploy and scale web applications and services<br><br>(Incorrect Answer) It is a Platform as a Service (PaaS) that allows you to model and provision resources needed for an application<br>(Incorrect Answer) It is an Infrastructure as a Service (IaaS) that allows you to deploy and scale web applications and services<br>(Incorrect Answer) It is an Infrastructure as Code (IaC) that allows you to model and provision resources needed for an application<br><br><b>Explicación general:</b><br>Correct option: It is a Platform as a Service (PaaS) that allows you to deploy and scale web applications and services AWS Elastic Beanstalk makes it even easier for developers to quickly deploy and manage applications in the AWS Cloud. Developers simply upload their applications, and AWS Elastic Beanstalk automatically handles the deployment details of capacity provisioning, load balancing, auto-scaling, and application health monitoring. It is a Platform as a Service (PaaS) as you only manage the applications and the data. Please review this overview of the types of Cloud Computing: via - https://aws.amazon.com/types-of-cloud-computing/ Incorrect options: It is an Infrastructure as Code (IaC) that allows you to model and provision resources needed for an application - This is the definition of AWS CloudFormation. AWS CloudFormation gives developers and systems administrators an easy way to create and manage a collection of related AWS resources, provisioning and updating them in an orderly and predictable fashion. You can use the AWS CloudFormation sample templates or create your own templates to describe your AWS resources, and any associated dependencies or runtime parameters, required to run your application. It is a Platform as a Service (PaaS) that allows you to model and provision resources needed for an application - AWS Elastic Beanstalk is a Platform as a Service (PaaS). However, the service that allows you to model and provision resources needed for an application is AWS CloudFormation. It is an Infrastructure as a Service (IaaS) that allows you to deploy and scale web applications and services - AWS Elastic Beanstalk allows you to deploy and scale web applications and services, but it is not an Infrastructure as a Service (IaaS). With AWS Elastic Beanstalk, you do not manage the runtime, the middleware, and the operating system. Reference: https://aws.amazon.com/elasticbeanstalk/ Temática Technology <div
Which of the following criteria are used to calculate the charge for Amazon EBS Volumes? (Select Two)@Volume type<br>Provisioned IOPS<br><br>(Incorrect Answer) Data transfer IN<br>(Incorrect Answer) Data type<br>(Incorrect Answer) The Amazon EC2 instance type the Amazon EBS Elastic volume is attached to<br><br><b>Explicación general:</b><br>Correct options: Provisioned IOPS Volume type Amazon Elastic Block Store (Amazon EBS) provides persistent block storage volumes for use with Amazon EC2 instances in the AWS Cloud. Each Amazon EBS volume is automatically replicated within its Availability Zone (AZ) to protect you from component failure, offering high availability and durability. Amazon EBS volumes offer the consistent and low-latency performance needed to run your workloads. With Amazon EBS, you can scale your usage up or down within minutes—all while paying a low price for only what you provision. The fundamental charges for EBS volumes are the volume type (based on performance), the storage volume in GB per month provisioned, the number of IOPS provisioned per month, the storage consumed by snapshots, and outbound data transfer. Incorrect options: Data transfer IN - Data transfer-in is always free, including for Amazon EBS Elastic Volumes. The Amazon EC2 instance type the Amazon EBS Elastic volume is attached to - The Amazon EC2 instance type the Amazon EBS volume is attached to does not influence the EBS volume pricing. Data type - The type of data stored on EBS volumes does not influence the price. Reference: https://aws.amazon.com/ebs/pricing/ Temática Billing and Pricing <div
A start-up would like to quickly deploy a popular technology on AWS. As a Cloud Practitioner, which AWS tool would you use for this task?@AWS Partner Solutions (formerly Quick Starts)<br><br>(Incorrect Answer) AWS Forums<br>(Incorrect Answer) AWS CodeDeploy<br>(Incorrect Answer) AWS Whitepapers<br><br><b>Explicación general:</b><br>Correct option: AWS Partner Solutions (formerly Quick Starts) AWS Partner Solutions are automated reference deployments built by Amazon Web Services (AWS) solutions architects and AWS Partners. Partner Solutions help you deploy popular technologies to AWS according to AWS best practices. You can reduce hundreds of manual procedures to a few steps and start using your environment within minutes. AWS Partner Solutions are automated reference deployments for key workloads on the AWS Cloud. Each Partner Solution launches, configures, and runs the AWS compute, network, storage, and other services required to deploy a specific workload on AWS, using AWS best practices for security and availability. Incorrect options: AWS Forums - AWS Forums is an AWS community platform where people can help each other. It is not used to deploy technologies on AWS. AWS CodeDeploy - AWS CodeDeploy is a service that automates code deployments to any instance, including Amazon EC2 instances and instances running on-premises. It is not suited to rapidly deploy popular technologies on AWS ready to be used immediately. AWS Whitepapers - AWS Whitepapers are technical content authored by AWS and the AWS community to expand your knowledge of the cloud. They include technical whitepapers, technical guides, reference material, and reference architecture diagrams. You can find useful content for your deployment, but it is not a service that will deploy technologies. Reference: https://aws.amazon.com/quickstart/ Temática Technology <div
An e-commerce company would like to build a chatbot for its customer service using Natural Language Understanding (NLU). As a Cloud Practitioner, which AWS service would you use?@Amazon Lex<br><br>(Incorrect Answer) Amazon Rekognition<br>(Incorrect Answer) Amazon SageMaker<br>(Incorrect Answer) Amazon Comprehend<br><br><b>Explicación general:</b><br>Correct option: Amazon Lex Amazon Lex is a service for building conversational interfaces using voice and text. Powered by the same conversational engine as Amazon Alexa, Amazon Lex provides high-quality speech recognition and language understanding capabilities, enabling the addition of sophisticated, natural language ‘chatbots’ to new and existing applications. Amazon Lex Use Cases: via - https://aws.amazon.com/lex/ Incorrect options: Amazon Rekognition - With Amazon Rekognition, you can identify objects, people, text, scenes, and activities in images and videos and also detect any inappropriate content. Amazon Rekognition also provides highly accurate facial analysis and facial search capabilities that you can use to detect, analyze, and compare faces for a wide variety of user verification, people counting, and public safety use cases. Amazon SageMaker - Amazon SageMaker is a fully-managed platform that enables developers and data scientists to quickly and easily build, train, and deploy machine learning models at any scale. Amazon SageMaker removes all the barriers that typically slow down developers who want to use machine learning. Amazon Comprehend - Amazon Comprehend is a natural language processing (NLP) service that uses machine learning to find meaning and insights in text. Natural Language Processing (NLP) is a way for computers to analyze, understand, and derive meaning from textual information in a smart and useful way. By utilizing Natural Language Processing (NLP), you can extract important phrases, sentiment, syntax, key entities such as brand, date, location, person, etc., and the language of the text. Reference: https://aws.amazon.com/lex/ Temática Technology <div
A research lab needs to be notified in case of a configuration change for security and compliance reasons. Which AWS service can assist with this task?@AWS Config<br><br>(Incorrect Answer) AWS Secrets Manager<br>(Incorrect Answer) AWS Trusted Advisor<br>(Incorrect Answer) Amazon Inspector<br><br><b>Explicación general:</b><br>Correct option: AWS Config AWS Config is a service that enables you to assess, audit, and evaluate the configurations of your AWS resources. AWS Config continuously monitors and records your AWS resource configurations and allows you to automate the evaluation of recorded configurations against desired configurations. With AWS Config, you can review changes in configurations and relationships between AWS resources, dive into detailed resource configuration histories, and determine your overall compliance against the configurations specified in your internal guidelines. This enables you to simplify compliance auditing, security analysis, change management, and operational troubleshooting. How AWS Config works: via - https://aws.amazon.com/config/ Incorrect options: Amazon Inspector - Amazon Inspector is an automated security assessment service that helps improve the security and compliance of applications deployed on your Amazon EC2 instances. Amazon Inspector automatically assesses applications for exposure, vulnerabilities, and deviations from best practices. It cannot notify configuration changes. AWS Trusted Advisor - AWS Trusted Advisor is an online resource to help you reduce cost, increase performance, and improve security by optimizing your AWS environment. Trusted Advisor provides real-time guidance to help you provision your resources following AWS best practices. It cannot notify configuration changes. AWS Secrets Manager - AWS Secrets Manager helps you protect the secrets needed to access your applications, services, and IT resources. The service enables you to easily rotate, manage, and retrieve database credentials, API keys, and other secrets throughout their lifecycle. It cannot notify configuration changes. Reference: https://aws.amazon.com/config/ Temática Security and Compliance <div
A company using a hybrid cloud would like to store secondary backup copies of the on-premises data. Which Amazon S3 Storage Class would you use for a cost-optimal yet rapid access solution?@Amazon S3 One Zone-Infrequent Access (S3 One Zone-IA)<br><br>(Incorrect Answer) Amazon S3 Standard-Infrequent Access (S3 Standard-IA)<br>(Incorrect Answer) Amazon S3 Standard<br>(Incorrect Answer) Amazon S3 Glacier Deep Archive<br><br><b>Explicación general:</b><br>Correct option: Amazon S3 One Zone-Infrequent Access (S3 One Zone-IA) Amazon S3 One Zone-Infrequent Access (S3 One Zone-IA) is for data that is accessed less frequently but requires rapid access when needed. Unlike other S3 Storage Classes which store data in a minimum of three Availability Zones (AZs), S3 One Zone-IA stores data in a single Availability Zone (AZ) and costs 20% less than S3 Standard-IA. S3 One Zone-IA is ideal for customers who want a lower-cost option for infrequently accessed data but do not require the availability and resilience of S3 Standard or S3 Standard-IA. It’s a good choice for storing secondary backup copies of on-premises data or easily re-creatable data. You can also use it as cost-effective storage for data that is replicated from another AWS Region using S3 cross-region replication (S3 CRR). Exam Alert: Please review this detailed comparison of S3 Storage Classes as you can expect a few questions on this aspect of S3: via - https://aws.amazon.com/s3/storage-classes/ Incorrect options: Amazon S3 Glacier Deep Archive - Amazon S3 Glacier Deep Archive storage class is designed to provide durable and secure long-term storage for large amounts of data at a price that is competitive with off-premises tape archival services. Data is stored across 3 or more AWS Availability Zones(AZs) and can be retrieved in 12 hours or less. You no longer need to deal with expensive and finicky tape drives, arrange for off-premises storage, or worry about migrating data to newer generations of media. Amazon S3 Standard - Amazon S3 Standard offers high durability, availability, and performance object storage for frequently accessed data. Because it delivers low latency and high throughput, Amazon S3 Standard is appropriate for a wide variety of use cases, including cloud applications, dynamic websites, content distribution, mobile and gaming applications, and big data analytics. Amazon S3 Standard-Infrequent Access (S3 Standard-IA) - Amazon S3 Standard-Infrequent Access (S3 Standard-IA) is for data that is accessed less frequently but requires rapid access when needed. S3 Standard-IA offers the high durability, high throughput, and low latency of S3 Standard, with a low per GB storage price and per GB retrieval fee. This combination of low cost and high performance makes S3 Standard-IA ideal for long-term storage, backups, and as a data store for disaster recovery files. It can be used for backups, but it is more expensive than S3 One Zone - Infrequent Access. Hence, S3 One Zone - Infrequent Access is a better option for secondary backup copies. Reference: https://aws.amazon.com/s3/storage-classes/ Temática Technology <div
Which of the following are the best practices when using AWS Organizations? (Select TWO)@Create AWS accounts per department<br>Restrict account privileges using Service Control Policies (SCP)<br><br>(Incorrect Answer) Never use tags for billing<br>(Incorrect Answer) Disable AWS CloudTrail on several accounts<br>(Incorrect Answer) Do not use AWS Organizations to automate AWS account creation<br><br><b>Explicación general:</b><br>Correct options: Create AWS accounts per department Restrict account privileges using Service Control Policies (SCP) AWS Organizations helps you centrally govern your environment as you grow and scale your workloads on AWS. Whether you are a growing startup or a large enterprise, AWS Organizations help you to centrally manage billing; control access, compliance, and security; and share resources across your AWS accounts. Using AWS Organizations, you can automate account creation, create groups of accounts to reflect your business needs, and apply policies for these groups for governance. You can also simplify billing by setting up a single payment method for all of your AWS accounts. Through integrations with other AWS services, you can use AWS Organizations to define central configurations and resource sharing across accounts in your organization. AWS Organizations is available to all AWS customers at no additional charge. You should create accounts per department based on regulatory restrictions (using Service Control Policies (SCP)) for better resource isolation, and to have separate per-account service limits. AWS Organizations allows you to restrict what services and actions are allowed in your accounts. You can use the Service Control Policies (SCP) to apply permission guardrails on AWS Identity and Access Management (IAM) users and roles. Incorrect options: Never use tags for billing - You should use tags standards to categorize AWS resources for billing purposes. Disable AWS CloudTrail on several accounts - You should enable AWS CloudTrail to monitor activity on all accounts for governance, compliance, risk, and auditing purposes. Do not use AWS Organizations to automate AWS account creation - AWS Organizations helps you simplify IT operations by automating AWS account creation and management. The AWS Organizations APIs enable you to create new accounts programmatically and to add new accounts to a group. The policies attached to the group are automatically applied to the new account. Reference: https://aws.amazon.com/organizations/ Temática Billing and Pricing <div
A company would like to move its infrastructure to AWS Cloud. Which of the following should be included in the Total Cost of Ownership (TCO) estimate? (Select TWO)@Power/Cooling<br>Server administration<br><br>(Incorrect Answer) Application advertising<br>(Incorrect Answer) Electronic equipment at office<br>(Incorrect Answer) Number of end-users<br><br><b>Explicación general:</b><br>Correct options: Server administration Power/Cooling AWS Pricing Calculator lets you explore AWS services and create an estimate for the cost of your use cases on AWS. You can model your solutions before building them, explore the price points and calculations behind your estimate, and find the available instance types and contract terms that meet your needs. This enables you to make informed decisions about using AWS. You can plan your AWS costs and usage or price out by setting up a new set of instances and services. AWS Pricing Calculator can be accessed at https://calculator.aws/#/ . AWS Pricing Calculator compares the cost of your applications in an on-premises or traditional hosting environment to AWS: server, storage, network, and IT labor. Therefore, you need to include every element relevant to these points of comparison. Server administration is included in the IT labor costs. Power/Cooling are included in the server, storage, and network cost. Incorrect options: Application advertising - The application advertising is not relevant for a Total Cost of Ownership (TCO) estimate. Number of end-users - The number of end-users is not relevant for a Total Cost of Ownership (TCO) estimate. Electronic equipment at office - The electronic equipment at the office is not relevant for a Total Cost of Ownership (TCO) estimate. References: https://calculator.aws/#/ https://aws.amazon.com/blogs/aws/new-cloud-tco-comparison-calculator-for-web-applications/ Temática Billing and Pricing <div
According to the AWS Well-Architected Framework, which of the following action is recommended in the Security pillar?@Use AWS Key Management Service (AWS KMS) to encrypt data<br><br>(Incorrect Answer) Use AWS CloudFormation to automate security best practices<br>(Incorrect Answer) Use Amazon CloudWatch to measure overall efficiency<br>(Incorrect Answer) Use AWS Cost Explorer to view and track your usage in detail<br><br><b>Explicación general:</b><br>Correct option: Use AWS Key Management Service (AWS KMS) to encrypt data The Security pillar includes the ability to protect information, systems, and assets while delivering business value through risk assessments and mitigation strategies. Encrypting data is part of the design principle "Protect data in transit and at rest": Classify your data into sensitivity levels and use mechanisms, such as encryption, tokenization, and access control where appropriate. AWS Key Management Service (AWS KMS) makes it easy for you to create and control keys used for encryption. It is a key service of the Security pillar. The AWS Well-Architected Framework helps you understand the pros and cons of the decisions you make while building systems on AWS. By using the Framework you will learn architectural best practices for designing and operating reliable, secure, efficient, and cost-effective systems in the cloud. It provides a way for you to consistently measure your architectures against best practices and identify areas for improvement. The AWS Well-Architected Framework is based on six pillars — Operational Excellence, Security, Reliability, Performance Efficiency, Cost Optimization, and Sustainability. Overview of the six pillars of the AWS Well-Architected Framework: via - https://aws.amazon.com/architecture/well-architected/ Incorrect options: Use AWS Cost Explorer to view and track your usage in detail - AWS Cost Explorer has an easy-to-use interface that lets you visualize, understand, and manage your AWS costs and usage over time. Using Cost Explorer to view and track your usage in detail relates more to the Cost Optimization pillar. Use Amazon CloudWatch to measure overall efficiency - Amazon CloudWatch is a monitoring and management service built for developers, system operators, site reliability engineers (SRE), and IT managers. Using Amazon CloudWatch to measure overall efficiency relates more to the Reliability pillar. Use AWS CloudFormation to automate security best practices - AWS CloudFormation provides a common language for you to model and provision AWS and third-party application resources in your cloud environment. It is not used to automate security best practices. If you want to automate security best practices, you should use Amazon Inspector. Reference: https://aws.amazon.com/architecture/well-architected/ Temática Cloud Concepts <div
An engineering team is new to the AWS Cloud and it would like to launch a dev/test environment with low monthly pricing. Which AWS service can address this use case?@Amazon LightSail<br><br>(Incorrect Answer) Amazon Elastic Container Service (Amazon ECS)<br>(Incorrect Answer) Amazon Elastic Compute Cloud (Amazon EC2)<br>(Incorrect Answer) AWS CloudFormation<br><br><b>Explicación general:</b><br>Correct option: Amazon LightSail Amazon Lightsail is designed to be the easiest way to launch and manage a virtual private server (VPS) with AWS. Amazon Lightsail plans include everything you need to jumpstart your project – a virtual machine, SSD- based storage, data transfer, Domain Name System (DNS) management, and a static IP address – for a low, predictable price. It is great for people with little cloud experience to launch quickly a popular IT solution ready to use immediately. Incorrect options: AWS CloudFormation - AWS CloudFormation gives developers and systems administrators an easy way to create and manage a collection of related AWS resources, provisioning and updating them in an orderly and predictable fashion. Using AWS CloudFormation requires experience as resources are deployed within a virtual private cloud (VPC). Amazon Elastic Compute Cloud (Amazon EC2) - Amazon Elastic Compute Cloud (Amazon EC2) is a web service that provides secure, resizable compute capacity in the cloud. It is designed to make web-scale computing easier for developers. Deploying a dev/test environment with Amazon EC2 requires experience as instances are deployed within a virtual private cloud (VPC). Amazon Elastic Container Service (Amazon ECS) - Amazon Elastic Container Service (Amazon ECS) is a highly scalable, high-performance container orchestration service that supports Docker containers and allows you to easily run and scale containerized applications on AWS. Amazon ECS eliminates the need for you to install and operate your own container orchestration software, manage and scale a cluster of virtual machines, or schedule containers on those virtual machines. Using Amazon ECS requires experience. Reference: https://aws.amazon.com/lightsail/ Temática Technology <div
Which of the following options is NOT a feature of Amazon Inspector?@Track configuration changes<br><br>(Incorrect Answer) Automate security assessments<br>(Incorrect Answer) Analyze against unintended network accessibility<br>(Incorrect Answer) Inspect running operating systems (OS) against known vulnerabilities<br><br><b>Explicación general:</b><br>Correct option: Track configuration changes Tracking configuration changes is a feature of AWS Config. AWS Config is a service that enables you to assess, audit, and evaluate the configurations of your AWS resources. Config continuously monitors and records your AWS resource configurations and allows you to automate the evaluation of recorded configurations against desired configurations. How AWS Config works: via - https://aws.amazon.com/config/ Incorrect options: Automate security assessments Analyze against unintended network accessibility Inspect running operating systems (OS) against known vulnerabilities These options are all features of Amazon Inspector. Amazon Inspector is an automated security assessment service that helps improve the security and compliance of applications deployed on AWS. Amazon Inspector automatically assesses applications for exposure, vulnerabilities, and deviations from best practices. Amazon Inspector security assessments help you check for unintended network accessibility of your Amazon EC2 instances and for vulnerabilities on those EC2 instances. Amazon Inspector also offers predefined software called an agent that you can optionally install in the operating system of the EC2 instances that you want to assess. The agent monitors the behavior of the EC2 instances, including network, file system, and process activity. It also collects a wide set of behavior and configuration data (telemetry). References: https://aws.amazon.com/config/ https://aws.amazon.com/inspector/ Temática Security and Compliance <div
A company needs to keep sensitive data in its own data center due to compliance but would still like to deploy resources using AWS. Which Cloud deployment model does this refer to?@Hybrid Cloud<br><br>(Incorrect Answer) On-premises<br>(Incorrect Answer) Private Cloud<br>(Incorrect Answer) Public Cloud<br><br><b>Explicación general:</b><br>Correct option: Hybrid Cloud A hybrid deployment is a way to connect infrastructure and applications between cloud-based resources and existing resources that are not located in the cloud. The most common method of hybrid deployment is between the cloud and existing on-premises infrastructure to extend, and grow, an organization's infrastructure into the cloud while connecting cloud resources to the internal system. Overview of Cloud Computing Deployment Models: via - https://aws.amazon.com/types-of-cloud-computing/ Incorrect options: Public Cloud - A public cloud-based application is fully deployed in the cloud and all parts of the application run in the cloud. Applications in the cloud have either been created in the cloud or have been migrated from an existing infrastructure to take advantage of the benefits of cloud computing. Private Cloud - Unlike a Public cloud, a Private cloud enables businesses to avail IT services that are provisioned and customized according to their precise needs. The business can further avail the IT services securely and reliably over a private IT infrastructure. On-premises - This is not a cloud deployment model. When an enterprise opts for on-premises, it needs to create, upgrade, and scale the on-premise IT infrastructure by investing in sophisticated hardware, compatible software, and robust services. Also, the business needs to deploy dedicated IT staff to upkeep, scale, and manage the on-premise infrastructure continuously. Reference: https://docs.aws.amazon.com/whitepapers/latest/public-sector-cloud-transformation/selecting-the-right-cloud-for-workloads-differences-between-public-private-and-hybrid.html Temática Cloud Concepts <div
A multinational company has just moved its infrastructure to AWS Cloud and has employees traveling to different offices around the world. How should the company set the AWS accounts?@There is nothing to do, AWS Identity and Access Management (AWS IAM) is a global service<br><br>(Incorrect Answer) As employees travel, they can use other employees' accounts<br>(Incorrect Answer) Create an IAM user for each user in each AWS region<br>(Incorrect Answer) Create global permissions so users can access resources from all around the world<br><br><b>Explicación general:</b><br>Correct option: There is nothing to do, AWS Identity and Access Management (AWS IAM) is a global service AWS Identity and Access Management (IAM) enables you to manage access to AWS services and resources securely. Using IAM, you can create and manage IAM users and IAM user groups, and use permissions to allow and deny their access to AWS resources. AWS IAM is a global service. Users created within IAM can access their accounts all around the world, and deploy resources in every region. Incorrect options: Create an IAM user for each user in each AWS region - IAM users can access their accounts from different AWS regions. Create global permissions so users can access resources from all around the world - AWS Identity and Access Management (AWS IAM) is a global service. You can use it globally without implementing anything. As employees travel, they can use other employees' accounts - You should never share you IAM user credentials. Reference: https://aws.amazon.com/iam/ Temática Security and Compliance <div
A start-up would like to monitor its cost on the AWS Cloud and would like to choose an optimal Savings Plan. As a Cloud Practitioner, which AWS service would you use?@AWS Cost Explorer<br><br>(Incorrect Answer) AWS Pricing Calculator<br>(Incorrect Answer) AWS Budgets<br>(Incorrect Answer) AWS Cost & Usage Report (AWS CUR)<br><br><b>Explicación general:</b><br>Correct option: AWS Cost Explorer AWS Cost Explorer lets you explore your AWS costs and usage at both a high level and at a detailed level of analysis and empowers you to dive deeper using several filtering dimensions (e.g., AWS Service, AWS Region, Linked Account, etc.). AWS Cost Explorer also gives you access to a set of default reports to help you get started, while also allowing you to create custom reports from scratch. Customers can receive Savings Plan recommendations at the member (linked) account level in addition to the existing AWS organization-level recommendations in AWS Cost Explorer. Incorrect options: AWS Cost & Usage Report (AWS CUR) - The AWS Cost & Usage Report (AWS CUR) is a single location for accessing comprehensive information about your AWS costs and usage. It does not provide Savings Plan recommendations. AWS Pricing Calculator - AWS Pricing Calculator lets you explore AWS services, and create an estimate for the cost of your use cases on AWS. It does not provide Savings Plan recommendations. AWS Budgets - AWS Budgets gives you the ability to set custom budgets that alert you when your costs or usage exceed (or are forecasted to exceed) your budgeted amount. You can also use AWS Budgets to set reserved instance (RI) utilization or coverage targets and receive alerts when your utilization drops below the threshold you define. It does not provide Savings Plan recommendations. Exam Alert: Please review the differences between "AWS Cost & Usage Report (AWS CUR)" and "AWS Cost Explorer". Think of "AWS Cost & Usage Report (AWS CUR)" as a cost management tool providing the most detailed cost and usage data for your AWS account. It can provide reports that break down your costs by the hour into your Amazon Simple Storage Service (Amazon S3) bucket. On the other hand, "AWS Cost Explorer" is more of a high-level cost management tool that helps you visualize the costs and usage associated with your AWS account. "AWS Cost Explorer" vs "AWS Cost & Usage Report (AWS CUR)": via - https://aws.amazon.com/aws-cost-management/aws-cost-explorer/ via - https://aws.amazon.com/aws-cost-management/aws-cost-and-usage-reporting/ References: https://aws.amazon.com/about-aws/whats-new/2020/03/aws-cost-explorer-now-offers-savings-plans-recommendations-for-member-linked-accounts/ https://docs.aws.amazon.com/cur/latest/userguide/what-is-cur.html https://aws.amazon.com/aws-cost-management/aws-cost-explorer/ https://aws.amazon.com/aws-cost-management/aws-cost-and-usage-reporting/ Temática Billing and Pricing <div
According to the AWS Shared Responsibility Model, which of the following is both the responsibility of AWS and the customer? (Select two)@Operating system (OS) configuration<br>Configuration management<br><br>(Incorrect Answer) Disposal of disk drives<br>(Incorrect Answer) Customer data<br>(Incorrect Answer) Data center security<br><br><b>Explicación general:</b><br>Correct options: Configuration management Shared Controls – Controls that apply to both the infrastructure layer and customer layers, but in completely separate contexts or perspectives. In a shared control, AWS provides the requirements for the infrastructure and the customer must provide their own control implementation within their use of AWS services. Configuration Management – AWS maintains the configuration of its infrastructure devices, but a customer is responsible for configuring their own guest operating systems, databases, and applications. Operating system (OS) configuration The customers are responsible for "Security IN the cloud". It includes customer data, as well as the guest operating system configuration. Operating System configuration as a whole is an AWS shared responsibility, but be careful: the host operating system configuration is the responsibility of AWS, and the guest operating system configuration is the responsibility of the customer. Exam Alert: Please review the AWS Shared Responsibility Model in detail as you can expect multiple questions on the shared responsibility model in the exam: via - https://aws.amazon.com/compliance/shared-responsibility-model/ Incorrect options: Customer data Data center security Disposal of disk drives AWS is responsible for "Security OF the cloud". It includes the infrastructure, which is composed of the hardware, software, networking, and facilities that run AWS Cloud services. It includes the disposal and the replacement of disk drives as well as data center security. Reference: https://aws.amazon.com/compliance/shared-responsibility-model/ Temática Security and Compliance <div
What is the primary use case for Amazon GuardDuty?@Detecting malicious activity and threats in your AWS accounts and workloads<br><br>(Incorrect Answer) Enforcing secure communication between VPCs using network traffic filtering<br>(Incorrect Answer) Encrypting data in transit between AWS services using TLS certificates.<br>(Incorrect Answer) Protecting web applications from common exploits and vulnerabilities such as SQL injection<br><br><b>Explicación general:</b><br>Correct option: Detecting malicious activity and threats in your AWS accounts and workloads Amazon GuardDuty is a managed threat detection service that identifies potential security risks by analyzing logs, such as AWS CloudTrail, VPC Flow Logs, and DNS query logs. It helps organizations detect suspicious or malicious activity in their AWS environments. Amazon GuardDuty Overview: via - https://aws.amazon.com/guardduty/ Incorrect options: Enforcing secure communication between VPCs using network traffic filtering - This is a feature provided by AWS Network Firewall or Security Groups, which allow you to control network traffic into and out of your VPCs. GuardDuty detects malicious activities but does not enforce network traffic filtering. Encrypting data in transit between AWS services using TLS certificates. - AWS Certificate Manager (ACM) or AWS Key Management Service (KMS) is responsible for managing encryption and TLS certificates. GuardDuty does not handle encryption but focuses on identifying potential security threats. Protecting web applications from common exploits and vulnerabilities such as SQL injection - This is the primary use case for AWS Web Application Firewall (WAF), which protects web applications from vulnerabilities like SQL injection and cross-site scripting. GuardDuty detects threats but does not directly protect applications. Reference: https://aws.amazon.com/guardduty/ Temática Technology <div
Which AWS service allows you to quickly and easily add user sign-up, sign-in, and access control to web and mobile applications?@Amazon Cognito<br><br>(Incorrect Answer) AWS Organizations<br>(Incorrect Answer) AWS Identity and Access Management (AWS IAM)<br>(Incorrect Answer) AWS IAM Identity Center<br><br><b>Explicación general:</b><br>Correct option: Amazon Cognito Amazon Cognito lets you add user sign-up, sign-in, and access control to your web and mobile apps quickly and easily. With Amazon Cognito, you also have the option to authenticate users through social identity providers such as Facebook, Twitter, or Amazon, with SAML identity solutions, or by using your own identity system. Incorrect options: AWS Identity and Access Management (AWS IAM) - AWS Identity and Access Management (AWS IAM) enables you to securely control access to AWS services and resources for your users. Using IAM, you can create and manage AWS users and groups, and use permissions to allow and deny their access to AWS resources. It does not provide user sign-up, sign-in, and access control to web and mobile applications. AWS IAM Identity Center - AWS IAM Identity Center is the successor to AWS Single Sign-On. It is built on top of AWS Identity and Access Management (IAM) to simplify access management to multiple AWS accounts, AWS applications, and other SAML-enabled cloud applications. In IAM Identity Center, you create, or connect, your workforce users for use across AWS. You can choose to manage access just to your AWS accounts, just to your cloud applications, or to both. AWS Organizations - AWS Organizations offers policy-based management for multiple AWS accounts. With AWS Organizations, you can create groups of accounts, automate account creation, and apply and manage policies for those groups. Organizations enable you to centrally manage policies across multiple accounts, without requiring custom scripts and manual processes. It does not provide user sign-up, sign-in, and access control to web and mobile applications. Reference: https://aws.amazon.com/cognito/ Temática Technology <div
The development team at a company manages 300 microservices and it is now trying to automate the code reviews to improve the code quality. Which tool/service is the right fit for this requirement?@Amazon CodeGuru<br><br>(Incorrect Answer) AWS X-Ray<br>(Incorrect Answer) AWS CodeBuild<br>(Incorrect Answer) AWS Trusted Advisor<br><br><b>Explicación general:</b><br>Correct option: Amazon CodeGuru Amazon CodeGuru is a developer tool that provides intelligent recommendations to improve code quality and identify an application’s most expensive lines of code. Integrate Amazon CodeGuru into your existing software development workflow to automate code reviews during application development, continuously monitor application performance in production, provide recommendations and visual clues for improving code quality and application performance, and reduce overall cost. Amazon CodeGuru Reviewer uses machine learning and automated reasoning to identify critical issues, security vulnerabilities, and hard-to-find bugs during application development and provides recommendations to improve code quality. Amazon CodeGuru Profiler pinpoints an application’s most expensive lines of code by helping developers understand the runtime behavior of their applications, identify and remove code inefficiencies, improve performance, and significantly decrease compute costs. How Amazon CodeGuru works: via - https://aws.amazon.com/codeguru/ Incorrect options: AWS X-Ray - AWS X-Ray helps developers analyze and debug production, and distributed applications, such as those built using a microservices architecture. With AWS X-Ray, you can understand how your application and its underlying services are performing to identify and troubleshoot the root cause of performance issues and errors. AWS X-Ray provides an end-to-end view of requests as they travel through your application, and shows a map of your application’s underlying components. AWS CodeBuild - AWS CodeBuild is a fully managed continuous integration service that compiles source code, runs tests, and produces software packages that are ready to deploy. With AWS CodeBuild, you don’t need to provision, manage, and scale your own build servers. AWS CodeBuild scales continuously and processes multiple builds concurrently, so your builds are not left waiting in a queue. AWS Trusted Advisor - AWS Trusted Advisors provides recommendations that help you follow AWS best practices. AWS Trusted Advisor evaluates your account by using checks. These checks identify ways to optimize your AWS infrastructure, improve security and performance, reduce costs, and monitor service quotas. Reference: https://aws.amazon.com/codeguru/ Temática Technology <div
Which AWS service can be used to send, store, and receive messages between software components at any volume to decouple application tiers?@Amazon Simple Queue Service (Amazon SQS)<br><br>(Incorrect Answer) AWS Elastic Beanstalk<br>(Incorrect Answer) Amazon Simple Notification Service (Amazon SNS)<br>(Incorrect Answer) AWS Organizations<br><br><b>Explicación general:</b><br>Correct option: Amazon Simple Queue Service (Amazon SQS) Amazon Simple Queue Service (Amazon SQS) is a fully managed message queuing service that enables you to decouple and scale microservices, distributed systems, and serverless applications. Amazon SQS eliminates the complexity and overhead associated with managing and operating message-oriented middleware and empowers developers to focus on differentiating work. Using Amazon Simple Queue Service (Amazon SQS), you can send, store, and receive messages between software components at any volume, without losing messages or requiring other services to be available. Incorrect options: Amazon Simple Notification Service (Amazon SNS) - Amazon Simple Notification Service (Amazon SNS) is a highly available, durable, secure, fully managed pub/sub messaging service that enables you to decouple microservices, distributed systems, and serverless applications. Please review this reference architecture for building a decoupled order processing system using Amazon Simple Notification Service (Amazon SNS) and Amazon Simple Queue Service (Amazon SQS): via - https://aws.amazon.com/blogs/compute/building-loosely-coupled-scalable-c-applications-with-amazon-sqs-and-amazon-sns/ AWS Elastic Beanstalk - AWS Elastic Beanstalk is an easy-to-use service for deploying and scaling web applications and services. You can simply upload your code, and AWS Elastic Beanstalk automatically handles the deployment, from capacity provisioning, load balancing, and auto scaling to application health monitoring. It is not used to send, store, and receive messages between software components. AWS Organizations - AWS Organizations offers policy-based management for multiple AWS accounts. With AWS Organizations, you can create groups of accounts, automate account creation, and apply and manage policies for those groups. AWS Organizations enables you to centrally manage policies across multiple accounts, without requiring custom scripts and manual processes. It is not used to send, store, and receive messages between software components. Reference: https://aws.amazon.com/sqs/ Temática Technology <div
The IT infrastructure at a university is deployed on AWS Cloud and it's experiencing a read-intensive workload. As a Cloud Practitioner, which AWS service would you use to take the load off databases?@Amazon ElastiCache<br><br>(Incorrect Answer) Amazon EMR<br>(Incorrect Answer) Amazon Relational Database Service (Amazon RDS)<br>(Incorrect Answer) AWS Glue<br><br><b>Explicación general:</b><br>Correct option: Amazon ElastiCache Amazon ElastiCache is a web service that makes it easy to deploy, operate, and scale an in-memory cache in the cloud. The service improves the performance of web applications by allowing you to retrieve information from fast, managed, in-memory caches, instead of relying entirely on slower disk-based databases. If Amazon EC2 instances are intensively reading data from a database, ElastiCache can cache some values to take the load off the database. How Amazon ElastiCache works: via - https://aws.amazon.com/elasticache/) ) Incorrect options: Amazon Relational Database Service (Amazon RDS) - Amazon Relational Database Service (Amazon RDS) makes it easy to set up, operate, and scale a relational database in the cloud. It provides cost-efficient and resizable capacity while automating time-consuming administration tasks such as hardware provisioning, database setup, patching, and backups. It frees you to focus on your applications so you can give them the fast performance, high availability, security, and compatibility they need. It cannot be used to take the load off databases. However, Amazon ElastiCache is often used with Amazon RDS to take the load off RDS. AWS Glue - AWS Glue is a fully managed extract, transform, and load (ETL) service that makes it easy for customers to prepare and load their data for analytics. AWS Glue job is meant to be used for batch ETL data processing. It cannot be used to take the load off the databases. Amazon EMR - Amazon EMR provides a managed Hadoop framework that makes it easy, fast, and cost-effective to process vast amounts of data across dynamically scalable Amazon EC2 instances. It cannot be used to take the load off the databases. Reference: https://aws.amazon.com/elasticache/ Temática Technology <div
Which of the following AWS Support plans is the MOST cost-effective when getting enhanced technical support by Cloud Support Engineers?@AWS Business Support<br><br>(Incorrect Answer) AWS Enterprise Support<br>(Incorrect Answer) AWS Developer Support<br>(Incorrect Answer) AWS Basic Support<br><br><b>Explicación general:</b><br>Correct option: AWS Business Support AWS recommends AWS Business Support if you have production workloads on AWS and want 24x7 phone, email, and chat access to technical support and architectural guidance in the context of your specific use cases. You get full access to AWS Trusted Advisor Best Practice Checks. It is also the cheapest support plan to provide enhanced technical support by Cloud Support Engineers. Exam Alert: Please review the differences between the AWS Developer Support, AWS Business Support, and AWS Enterprise Support plans as you can expect at least a couple of questions on the exam: via - https://aws.amazon.com/premiumsupport/plans/ Incorrect options: AWS Developer Support - AWS recommends AWS Developer Support if you are testing or doing early development on AWS and want the ability to get technical support during business hours as well as general architectural guidance as you build and test. It provides enhanced technical support by Cloud Support Associates. AWS Basic Support - The AWS Basic Support plan is included for all AWS customers. It does not provide enhanced technical support. AWS Enterprise Support - AWS Enterprise Support provides customers with concierge-like service where the main focus is helping the customer achieve their outcomes and find success in the cloud. With Enterprise Support, you get 24x7 technical support from high-quality engineers, tools, and technology to automatically manage the health of your environment, consultative architectural guidance delivered in the context of your applications and use cases, and a designated Technical Account Manager (TAM) to coordinate access to proactive/preventative programs and AWS subject matter experts. It provides enhanced technical support by Cloud Support Engineers but is more expensive than the Business support plan. References: https://aws.amazon.com/premiumsupport/plans/ https://aws.amazon.com/premiumsupport/plans/business/ Temática Billing and Pricing <div
An engineering team would like to cost-effectively run hundreds of thousands of batch computing workloads on AWS. As a Cloud Practitioner, which AWS service would you use for this task?@AWS Batch<br><br>(Incorrect Answer) AWS Lambda<br>(Incorrect Answer) Amazon Lightsail<br>(Incorrect Answer) AWS Fargate<br><br><b>Explicación general:</b><br>Correct option: AWS Batch AWS Batch enables developers, scientists, and engineers to easily and efficiently run hundreds of thousands of batch computing jobs on AWS. You can use AWS Batch to plan, schedule, and execute your batch computing workloads across the full range of AWS compute services. AWS Batch dynamically provisions the optimal quantity and type of compute resources (for example - memory optimized instance or CPU) based on the volume and specific resource requirements of the batch jobs submitted. AWS Batch provisions compute resources and optimize the job distribution based on the volume and resource requirements of the submitted batch jobs. Please review the common use cases for AWS Batch: via - https://aws.amazon.com/batch/ Incorrect options: AWS Lambda - AWS Lambda lets you run code without provisioning or managing servers. It can be used to run batch jobs but has a time limit and limited runtimes. It is usually used for smaller batch jobs. Amazon Lightsail - Amazon Lightsail is designed to be the easiest way to launch and manage a virtual private server (VPS) with AWS. Amazon Lightsail plans include everything you need to jumpstart your project – a virtual machine, SSD- based storage, data transfer, Domain Name System (DNS) management, and a static IP address – for a low, predictable price. It is not used to run batch jobs. AWS Fargate - AWS Fargate is a compute engine for Amazon Elastic Container Service (Amazon ECS) that allows you to run containers without having to manage servers or clusters. You can run batch jobs on AWS Fargate, but it is more expensive than AWS Batch. Reference: https://aws.amazon.com/batch/ Temática Technology <div
Which AWS service can be used to subscribe to an RSS feed to be notified of the status of all AWS service interruptions?@AWS Health Dashboard - Service Health<br><br>(Incorrect Answer) Amazon Simple Notification Service (Amazon SNS)<br>(Incorrect Answer) AWS Health Dashboard - Your Account Health<br>(Incorrect Answer) AWS Lambda<br><br><b>Explicación general:</b><br>Correct option: AWS Health Dashboard - Service Health The AWS Health Dashboard – Service health is the single place to learn about the availability and operations of AWS services. You can view the overall status of AWS services, and you can sign in to view personalized communications about your particular AWS account or organization. You can check on this page https://health.aws.amazon.com/health/status to get current status information. The AWS Health Dashboard – Service health offers the possibility to subscribe to an RSS feed to be notified of interruptions to each service. Incorrect options: Amazon Simple Notification Service (Amazon SNS) - Amazon Simple Notification Service (Amazon SNS) is a highly available, durable, secure, fully managed pub/sub messaging service that enables you to decouple microservices, distributed systems, and serverless applications. It can be used to deliver notifications, but it does not provide the current services' status. AWS Health Dashboard - Your Account Health - Your AWS Health Dashboard – Your Account Health provides alerts and remediation guidance when AWS is experiencing events that may impact you. AWS Lambda - AWS Lambda lets you run code without provisioning or managing servers. It does not provide all AWS services' status. Reference: https://health.aws.amazon.com/health/status Temática Technology <div
Which of the following AWS Identity and Access Management (AWS IAM) Security Tools allows you to review permissions granted to an IAM user?@AWS Identity and Access Management (IAM) access advisor<br><br>(Incorrect Answer) IAM credentials report<br>(Incorrect Answer) IAM policy<br>(Incorrect Answer) Multi-Factor Authentication (MFA)<br><br><b>Explicación general:</b><br>Correct option: AWS Identity and Access Management (IAM) access advisor IAM Access advisor shows the service permissions granted to a user and when those services were last accessed. You can use this information to revise your policies. To summarize, you can identify unnecessary permissions so that you can revise your IAM policies accordingly. Incorrect options: IAM credentials report - You can generate and download a credential report that lists all IAM users in your account and the status of their various credentials, including passwords, access keys, and multi-factor authentication (MFA) devices. It is not used to review permissions granted to an IAM user. IAM policy - IAM policies define permissions for an action regardless of the method that you use to perform the operation. Multi-Factor Authentication (MFA) - Multi-Factor Authentication (MFA) is a simple best practice that adds an extra layer of protection on top of your user name and password. with Multi-Factor Authentication (MFA) enabled, when a user signs in to an AWS Management Console, they will be prompted for their user name and password (the first factor—what they know), as well as for an authentication code from their AWS MFA device (the second factor—what they have). Taken together, these multiple factors provide increased security for your AWS account settings and resources. It cannot be used to review permissions granted. Reference: https://aws.amazon.com/about-aws/whats-new/2019/06/now-use-iam-access-advisor-with-aws-organizations-to-set-permission-guardrails-confidently/ Temática Security and Compliance <div
Which of the following statements is INCORRECT regarding Amazon EBS Elastic Volumes?@Amazon EBS Elastic Volumes can be bound to several Availability Zones (AZs)<br><br>(Incorrect Answer) Amazon EBS Elastic Volumes are bound to a specific Availability Zone (AZ)<br>(Incorrect Answer) Amazon EBS Elastic Volumes can be mounted to one instance at a time<br>(Incorrect Answer) Amazon EBS Elastic Volumes can persist data after their termination<br><br><b>Explicación general:</b><br>Correct option: Amazon EBS Elastic Volumes can be bound to several Availability Zones (AZs) An Amazon EBS Elastic Volume is a durable, block-level storage device that you can attach to your instances. After you attach a volume to an instance, you can use it as you would use a physical hard drive. When using Amazon EBS Elastic Volumes, the volume, and the instance must be in the same Availability Zone (AZ). Incorrect options: Amazon EBS Elastic Volumes can be mounted to one instance at a time - At the Certified Cloud Practitioner level, Amazon EBS Elastic Volumes can be mounted to one instance at a time. It is also possible that an Amazon EBS Elastic Volume is not mounted to an instance. Amazon EBS Elastic Volumes are bound to a specific Availability Zone (AZ) - As mentioned, when using Amazon EBS Elastic Volumes, the volume and the instance must be in the same Availability Zone(AZ). Amazon EBS Elastic Volumes can persist data after their termination - Unlike an Amazon EC2 instance store, an Amazon EBS Elastic Volume is off-instance storage that can persist independently from the life of an instance. Reference: https://docs.aws.amazon.com/AWSEC2/latest/UserGuide/ebs-volumes.html Temática Technology <div
According to the AWS Shared Responsibility Model, which of the following is the responsibility of the customer?@Firewall & networking configuration of Amazon Elastic Compute Cloud (Amazon EC2)<br><br>(Incorrect Answer) Managing Amazon DynamoDB<br>(Incorrect Answer) Edge locations security<br>(Incorrect Answer) Protecting hardware infrastructure<br><br><b>Explicación general:</b><br>Correct option: Firewall & networking configuration of Amazon Elastic Compute Cloud (Amazon EC2) The customers are responsible for "Security IN the cloud". It includes the configuration of the operating system, network & firewall of applications. Exam Alert: Please review the AWS Shared Responsibility Model in detail as you can expect multiple questions on the shared responsibility model in the exam: via - https://aws.amazon.com/compliance/shared-responsibility-model/ Incorrect options: Managing Amazon DynamoDB - Amazon DynamoDB is a fully managed service. AWS operates the infrastructure layer, the operating system, and platforms, and customers access the endpoints to store and retrieve data. Protecting hardware infrastructure Edge locations security AWS is responsible for "Security OF the cloud". It includes the infrastructure, which is composed of the hardware, software, networking, and facilities that run AWS Cloud services. Reference: https://aws.amazon.com/compliance/shared-responsibility-model/ Temática Security and Compliance <div
A corporation would like to simplify access management to multiple AWS accounts as well as facilitate AWS Single Sign-On (AWS SSO) access to its AWS accounts. As a Cloud Practitioner, which AWS service would you use for this task?@AWS IAM Identity Center<br><br>(Incorrect Answer) AWS Identity and Access Management (AWS IAM)<br>(Incorrect Answer) AWS Command Line Interface (CLI)<br>(Incorrect Answer) AWS Cognito<br><br><b>Explicación general:</b><br>Correct option: AWS IAM Identity Center AWS IAM Identity Center is the successor to AWS Single Sign-On (AWS SSO). It is built on top of AWS Identity and Access Management (IAM) to simplify access management to multiple AWS accounts, AWS applications, and other SAML-enabled cloud applications. In IAM Identity Center, you create or connect, your workforce users for use across AWS. You can choose to manage access just to your AWS accounts, just to your cloud applications, or to both. You can create users directly in IAM Identity Center, or you can bring them from your existing workforce directory. With IAM Identity Center, you get a unified administration experience to define, customize, and assign fine-grained access. Your workforce users get a user portal to access their assigned AWS accounts or cloud applications. You can use IAM Identity Center to quickly and easily assign and manage your employees’ access to multiple AWS accounts, SAML-enabled cloud applications (such as Salesforce, Microsoft 365, and Box), and custom-built in-house applications, all from a central place. How AWS IAM Identity Center works: via - https://aws.amazon.com/iam/identity-center/ Incorrect options: AWS Cognito - Amazon Cognito lets you add user sign-up, sign-in, and access control to your web and mobile apps quickly and easily. With Amazon Cognito, you also have the option to authenticate users through social identity providers such as Facebook, Twitter, or Amazon, with SAML identity solutions, or by using your own identity system. It is an identity management solution for customers/developers building B2C or B2B apps for their customers. AWS Identity and Access Management (AWS IAM) - AWS Identity and Access Management (AWS IAM) enables you to securely control access to AWS services and resources for your users. Using AWS IAM, you can create and manage AWS users and groups, and use permissions to allow and deny their access to AWS resources. It is not used to log in but to manage users and roles. AWS Command Line Interface (CLI) - The AWS Command Line Interface (CLI) is a unified tool to manage your AWS services. With just one tool to download and configure, you can control multiple AWS services from the command line and automate them through scripts. It is not a central user portal. Reference: https://aws.amazon.com/iam/identity-center/ Temática Technology Volver a la vista general de resultados Volver al principio Continuar Repetir la prueba Configuración Denunciar uso indebido Pantalla completa AI Assistant y contenido del curso Contenido del curso Descripción general Preguntas y respuestas Preguntas y respuestas Notas Anuncios Reseñas Herramientas de aprendizaje Buscar contenido del curso Iniciar una nueva búsqueda Encontrar subtítulos, clases o recursos Establece una fecha límite para la certificación AWS Certified Cloud Practitioner ¿Cuándo te gustaría tener todo listo para hacer el examen? Selector de fechas Seleccionar mes junio de 2026 julio de 2026 agosto de 2026 septiembre de 2026 octubre de 2026 noviembre de 2026 diciembre de 2026 enero de 2027 febrero de 2027 marzo de 2027 abril de 2027 mayo de 2027 junio de 2027 Do Lu Ma Mié Ju Vi Sá 31 1 2 3 4 5 6 7 8 9 10 11 12 13 14 15 16 17 18 19 20 21 22 23 24 25 26 27 28 29 30 1 2 3 4 5 6 7 8 9 10 11 Borrar Cerrar Exámenes de prueba Iniciar Examen de prueba 1: Practice Test #1 - AWS Certified Cloud Practitioner Iniciar Examen de prueba 2: Practice Test #2 - AWS Certified Cloud Practitioner Iniciar Examen de prueba 3: Practice Test #3 - AWS Certified Cloud Practitioner Iniciar Examen de prueba 4: Practice Test #4 - AWS Certified Cloud Practitioner Iniciar Examen de prueba 5: Practice Test #5 - AWS Certified Cloud Practitioner Iniciar Examen de prueba 6: Practice Test #6 - AWS Certified Cloud Practitioner Consigue todo lo necesario para tu certificación No solo te prepares para tu examen de AWS: ahorra también en tu cupón de examen. Más información Precio actual 90,00 US$ Precio original 100,00 US$ Comprar ahora Prepare the AWS Certified Cloud Practitioner CLF-C02. 390 unique high-quality test questions with detailed explanations! Calificación: 4,6 de 5 4,6 39.177 calificaciones 331.835 Estudiantes 390 preguntas Total Última actualización enero de 2026 Inglés alerta informativa Programa un tiempo de aprendizaje Aprender un poco cada día marca la diferencia. Hay estudios que muestran que los estudiantes que hacen del aprendizaje un hábito tienen una mayor probabilidad de alcanzar sus objetivos. Reserva tiempo para aprender y recibe recordatorios con la herramienta de planificación del aprendizaje. Empezar Descartar Por cifras Nivel de habilidad: Nivel básico Estudiantes: 331835 Idiomas: Inglés Subtítulos: No Descripción Preparing for AWS Certified Cloud Practitioner CLF-C02? This is THE practice exams course to give you the winning edge . These practice exams have been co-authored by Stephane Maarek and Abhishek Singh who bring their collective experience of passing 20 AWS Certifications to the table. Why Serious Learners Choose These Practice Exams Human-crafted, exam-aware questions backed by real AWS expertise Every item is designed by an instructor with deep, hands-on AWS experience and insight into how AWS actually tests concepts, not mass-generated by generic AI tools. Authentic exam feel with blueprint-aligned difficulty and distractors Questions mirror the tone, complexity, and trap patterns used in actual certification exams, helping learners build confidence under realistic conditions. Enhanced with diagrams, flows, and AWS-doc-based explanations Answers include visually rich explanations, custom diagrams, and carefully written descriptions distilled from official AWS documentation. Updated to reflect real-world patterns and the latest AWS services Content stays aligned with how AWS evolves its exams, focusing on the topics and service combinations most likely to appear in current and upcoming versions. Designed to build actual problem-solving skill, not just memorization Scenarios train reasoning across architectures, security and data patterns, preparing learners to think like AWS Cloud Practitioners instead of guessing. Do not just ace the exam, become a stronger AWS Professional. We want you to think of this course as the final pit-stop so that you can cross the winning line with absolute confidence and get AWS Certified! Trust our process, you are in good hands. You can see for yourself some of the amazing testimonials from our students: FEATURED REVIEWS: 5 stars: Took the exam on 9/4 and got 1000/1000 on first try . I have no previous cloud experience. Took Stephane's lecture course and then this one. Watching all lectures and drilled on the practice exams are all I did for preparation. You don't need anything else to pass the test. Highly recommended. - Myron C. 5 stars: Thank you Stephane for providing a consolidated exam questions with excellent explanation for each multiple choices. With the help of this practice exam and the detailed explanation, I have cleared the Cloud Practitioner Certification with ease and I have scored 979 . By practicing this exam questions, I could finish the CCP exam in just 20 minutes . Kudos to you and will start my learning again with Associate Developer course. Thanks much and keep up the good work - Santhosh K. 5 stars: Thanks Stephen for this course. I managed to get 979/1000 in exam (appeared on 31st Aug 2020). Almost every questions in the real exam appeared familiar. In these practice test , I got scores between 73% to 84%. I also purchased your other actual course on CLF-C01. Extremely satisfied. Thanks again looking forward for Solution Arch Cert. - Nitesh K. 5 stars: I gave my CLF-C01 exam on 15th Aug 2020 and scored 982 . Would like to thank Stephane for his amazing and engaging prep material on Udemy - Chandan M. 5 stars: Amazing practice test. I had used together with the course and passed on AWS certification with 965 as score. Congratulations, Stephane. - Edson M. You will get SIX high-quality practice exams to be ready for your certification Quality speaks for itself: SAMPLE QUESTION: A startup wants to set up its IT infrastructure on AWS Cloud. The CTO would like to get an estimate of the monthly AWS bill based on the AWS services that the startup wants to use. As a Cloud Practitioner, which AWS service would you suggest for this use-case? AWS Pricing Calculator AWS Cost Explorer AWS Budgets AWS Cost & Usage Report (AWS CUR) What's your guess? Scroll below for the answer Correct: 1. Correct option: AWS Pricing Calculator AWS Pricing Calculator lets you explore AWS services and create an estimate for the cost of your use cases on AWS. You can model your solutions before building them, explore the price points and calculations behind your estimate, and find the available instance types and contract terms that meet your needs. This enables you to make informed decisions about using AWS. You can plan your AWS costs and usage or price out setting up a new set of instances and services. AWS Pricing Calculator can provide the estimate of the AWS service usage based on the list of AWS services. You should also note AWS is in the process of deprecating a similar tool called the Simple Monthly Calculator. This calculator provides an estimate of usage charges for AWS services based on certain information you provide. It helps customers and prospects estimate their monthly AWS bill more efficiently.
